N_Day,Day,Session,File name,Date/Time Start,Duration of Video,Activity,Event/behavior,Focus,Visitors?,Music?,Time Start Corr,Time End Corr,Exact Date/Time Start,Exact Date/Time End
2,4/10/19,1,D2_SJB_output_good.mov,7:30:00 AM,0:53:20,M,EVENT,,NO,NO,0:00:11,0:00:17,brought out into enclosure and moves toward branch,
2,4/10/19,1,D2_SJB_output_good.mov,7:30:00 AM,0:53:20,M,EVENT,,NO,NO,0:00:20,0:00:23,,
2,4/10/19,1,D2_SJB_output_good.mov,7:30:00 AM,0:53:20,L,BEHAVIOR,,NO,NO,0:00:31,0:00:35,,
2,4/10/19,1,D2_SJB_output_good.mov,7:30:00 AM,0:53:20,FP,BEHAVIOR,,NO,NO,0:00:37,0:00:38,,
2,4/10/19,1,D2_SJB_output_good.mov,7:30:00 AM,0:53:20,L,BEHAVIOR,,NO,NO,0:00:38,0:00:41,,
2,4/10/19,1,D2_SJB_output_good.mov,7:30:00 AM,0:53:20,L,BEHAVIOR,,NO,NO,0:00:45,0:00:57,,
2,4/10/19,1,D2_SJB_output_good.mov,7:30:00 AM,0:53:20,L,BEHAVIOR,,NO,NO,0:01:07,0:01:18,,
2,4/10/19,1,D2_SJB_output_good.mov,7:30:00 AM,0:53:20,P,BEHAVIOR,,NO,NO,0:01:35,0:01:39,,
2,4/10/19,1,D2_SJB_output_good.mov,7:30:00 AM,0:53:20,JB_NB,BEHAVIOR,,NO,YES,0:01:43,0:01:57,triggers music,
2,4/10/19,1,D2_SJB_output_good.mov,7:30:00 AM,0:53:20,L,BEHAVIOR,,NO,YES,0:01:58,0:02:06,,
2,4/10/19,1,D2_SJB_output_good.mov,7:30:00 AM,0:53:20,JB_NB,BEHAVIOR,,NO,YES,0:02:06,0:02:24,seems to have realized that moving the Joy Branch triggers music,
2,4/10/19,1,D2_SJB_output_good.mov,7:30:00 AM,0:53:20,L,BEHAVIOR,,NO,NO,0:02:39,0:02:58,,
2,4/10/19,1,D2_SJB_output_good.mov,7:30:00 AM,0:53:20,JB_NB,BEHAVIOR,,NO,YES,0:02:58,0:03:10,,
2,4/10/19,1,D2_SJB_output_good.mov,7:30:00 AM,0:53:20,L,BEHAVIOR,,NO,NO,0:03:30,0:03:50,,
2,4/10/19,1,D2_SJB_output_good.mov,7:30:00 AM,0:53:20,M,EVENT,,NO,NO,0:03:50,0:03:56,,
2,4/10/19,1,D2_SJB_output_good.mov,7:30:00 AM,0:53:20,L,BEHAVIOR,,NO,NO,0:03:56,0:03:59,,
2,4/10/19,1,D2_SJB_output_good.mov,7:30:00 AM,0:53:20,NB,BEHAVIOR,,NO,NO,0:03:59,0:04:03,,
2,4/10/19,1,D2_SJB_output_good.mov,7:30:00 AM,0:53:20,FP,BEHAVIOR,,NO,NO,0:04:05,0:04:06,,
2,4/10/19,1,D2_SJB_output_good.mov,7:30:00 AM,0:53:20,L,BEHAVIOR,,NO,NO,0:04:26,0:04:33,,
2,4/10/19,1,D2_SJB_output_good.mov,7:30:00 AM,0:53:20,M,EVENT,,NO,NO,0:04:33,0:04:35,,
2,4/10/19,1,D2_SJB_output_good.mov,7:30:00 AM,0:53:20,L,BEHAVIOR,,NO,NO,0:04:35,0:04:40,,
2,4/10/19,1,D2_SJB_output_good.mov,7:30:00 AM,0:53:20,L,BEHAVIOR,,NO,NO,0:04:44,0:04:59,,
2,4/10/19,1,D2_SJB_output_good.mov,7:30:00 AM,0:53:20,P,BEHAVIOR,,NO,NO,0:05:00,0:05:04,,
2,4/10/19,1,D2_SJB_output_good.mov,7:30:00 AM,0:53:20,L,BEHAVIOR,,NO,NO,0:05:24,0:05:27,,
2,4/10/19,1,D2_SJB_output_good.mov,7:30:00 AM,0:53:20,NB,BEHAVIOR,,NO,NO,0:05:27,0:05:33,,
2,4/10/19,1,D2_SJB_output_good.mov,7:30:00 AM,0:53:20,L,BEHAVIOR,,NO,NO,0:06:04,0:06:23,,
2,4/10/19,1,D2_SJB_output_good.mov,7:30:00 AM,0:53:20,M,EVENT,,NO,NO,0:06:23,0:06:28,,
2,4/10/19,1,D2_SJB_output_good.mov,7:30:00 AM,0:53:20,L,BEHAVIOR,,NO,NO,0:06:28,0:06:51,,
2,4/10/19,1,D2_SJB_output_good.mov,7:30:00 AM,0:53:20,L,BEHAVIOR,,NO,NO,0:09:43,0:12:21,,
2,4/10/19,1,D2_SJB_output_good.mov,7:30:00 AM,0:53:20,M,EVENT,,NO,NO,0:12:21,0:12:27,,
2,4/10/19,1,D2_SJB_output_good.mov,7:30:00 AM,0:53:20,M,EVENT,,NO,NO,0:12:50,0:12:54,,
2,4/10/19,1,D2_SJB_output_good.mov,7:30:00 AM,0:53:20,M,EVENT,,NO,NO,0:13:15,0:13:24,,
2,4/10/19,1,D2_SJB_output_good.mov,7:30:00 AM,0:53:20,L,BEHAVIOR,,NO,NO,0:13:24,0:13:28,,
2,4/10/19,1,D2_SJB_output_good.mov,7:30:00 AM,0:53:20,S,BEHAVIOR,,NO,NO,0:13:28,0:13:30,,
2,4/10/19,1,D2_SJB_output_good.mov,7:30:00 AM,0:53:20,L,BEHAVIOR,,NO,NO,0:13:30,0:13:40,,
2,4/10/19,1,D2_SJB_output_good.mov,7:30:00 AM,0:53:20,M,EVENT,,NO,NO,0:13:40,0:13:51,,
2,4/10/19,1,D2_SJB_output_good.mov,7:30:00 AM,0:53:20,M,EVENT,,NO,NO,0:14:18,0:14:27,,
2,4/10/19,1,D2_SJB_output_good.mov,7:30:00 AM,0:53:20,M,EVENT,,NO,NO,0:14:30,0:14:36,,
2,4/10/19,1,D2_SJB_output_good.mov,7:30:00 AM,0:53:20,M,EVENT,,NO,NO,0:14:44,0:15:00,,
2,4/10/19,1,D2_SJB_output_good.mov,7:30:00 AM,0:53:20,NB,BEHAVIOR,,NO,NO,0:15:00,0:15:30,,
2,4/10/19,1,D2_SJB_output_good.mov,7:30:00 AM,0:53:20,M,EVENT,,NO,NO,0:15:30,0:15:49,,
2,4/10/19,1,D2_SJB_output_good.mov,7:30:00 AM,0:53:20,M,EVENT,,NO,NO,0:16:16,0:16:28,moved out of camera range,
2,4/10/19,1,D2_SJB_output_good.mov,7:30:00 AM,0:53:20,M,EVENT,,NO,NO,0:17:05,0:17:09,moved back in to camera range,
2,4/10/19,1,D2_SJB_output_good.mov,7:30:00 AM,0:53:20,JB_NB,BEHAVIOR,,NO,YES,0:17:09,0:17:16,,
2,4/10/19,1,D2_SJB_output_good.mov,7:30:00 AM,0:53:20,L,BEHAVIOR,,NO,YES,0:17:16,0:17:59,,
2,4/10/19,1,D2_SJB_output_good.mov,7:30:00 AM,0:53:20,L,BEHAVIOR,,NO,NO,0:18:03,0:18:35,,
2,4/10/19,1,D2_SJB_output_good.mov,7:30:00 AM,0:53:20,JB_NB,BEHAVIOR,,NO,YES,0:18:35,0:19:14,,
2,4/10/19,1,D2_SJB_output_good.mov,7:30:00 AM,0:53:20,B,EVENT,,NO,YES,0:19:16,0:19:19,,
2,4/10/19,1,D2_SJB_output_good.mov,7:30:00 AM,0:53:20,B,EVENT,,NO,YES,0:19:21,0:19:24,,
2,4/10/19,1,D2_SJB_output_good.mov,7:30:00 AM,0:53:20,N,EVENT,,NO,YES,0:19:26,0:19:30,,
2,4/10/19,1,D2_SJB_output_good.mov,7:30:00 AM,0:53:20,JB_NB,BEHAVIOR,,NO,YES,0:19:51,0:20:40,,
2,4/10/19,1,D2_SJB_output_good.mov,7:30:00 AM,0:53:20,B,EVENT,,NO,YES,0:20:42,0:20:43,,
2,4/10/19,1,D2_SJB_output_good.mov,7:30:00 AM,0:53:20,M,EVENT,,NO,NO,0:22:10,0:22:15,,
2,4/10/19,1,D2_SJB_output_good.mov,7:30:00 AM,0:53:20,M,EVENT,,NO,NO,0:23:01,0:23:06,,
2,4/10/19,1,D2_SJB_output_good.mov,7:30:00 AM,0:53:20,JB_NB,BEHAVIOR,,NO,NO,0:23:07,0:23:32,,
2,4/10/19,1,D2_SJB_output_good.mov,7:30:00 AM,0:53:20,JB_NB,BEHAVIOR,,NO,YES,0:23:43,0:23:52,,
2,4/10/19,1,D2_SJB_output_good.mov,7:30:00 AM,0:53:20,JB_NB,BEHAVIOR,,NO,YES,0:23:54,0:24:00,,
2,4/10/19,1,D2_SJB_output_good.mov,7:30:00 AM,0:53:20,L,BEHAVIOR,,NO,YES,0:24:06,0:24:08,,
2,4/10/19,1,D2_SJB_output_good.mov,7:30:00 AM,0:53:20,M,EVENT,,NO,NO,0:24:09,0:24:15,,
2,4/10/19,1,D2_SJB_output_good.mov,7:30:00 AM,0:53:20,N,EVENT,,NO,NO,0:24:32,0:24:33,,
2,4/10/19,1,D2_SJB_output_good.mov,7:30:00 AM,0:53:20,M,EVENT,,NO,NO,0:24:42,0:24:46,,
2,4/10/19,1,D2_SJB_output_good.mov,7:30:00 AM,0:53:20,L,BEHAVIOR,,NO,NO,0:24:47,0:25:00,,
2,4/10/19,1,D2_SJB_output_good.mov,7:30:00 AM,0:53:20,M,EVENT,,NO,NO,0:25:01,0:25:05,,
2,4/10/19,1,D2_SJB_output_good.mov,7:30:00 AM,0:53:20,L,BEHAVIOR,,NO,NO,0:25:08,0:25:20,,
2,4/10/19,1,D2_SJB_output_good.mov,7:30:00 AM,0:53:20,JB_NB,BEHAVIOR,,NO,YES,0:25:21,0:25:34,,
2,4/10/19,1,D2_SJB_output_good.mov,7:30:00 AM,0:53:20,JB_NB,BEHAVIOR,,NO,YES,0:25:38,0:25:54,,
2,4/10/19,1,D2_SJB_output_good.mov,7:30:00 AM,0:53:20,L,BEHAVIOR,,NO,YES,0:25:55,0:27:34,,
2,4/10/19,1,D2_SJB_output_good.mov,7:30:00 AM,0:53:20,L,BEHAVIOR,,NO,NO,0:27:35,0:27:37,,
2,4/10/19,1,D2_SJB_output_good.mov,7:30:00 AM,0:53:20,FP,BEHAVIOR,,NO,NO,0:27:39,0:27:40,,
2,4/10/19,1,D2_SJB_output_good.mov,7:30:00 AM,0:53:20,L,BEHAVIOR,,NO,NO,0:27:42,0:27:48,,
2,4/10/19,1,D2_SJB_output_good.mov,7:30:00 AM,0:53:20,L,BEHAVIOR,,NO,NO,0:27:53,0:28:39,,
2,4/10/19,1,D2_SJB_output_good.mov,7:30:00 AM,0:53:20,M,EVENT,,NO,NO,0:28:40,0:28:46,,
2,4/10/19,1,D2_SJB_output_good.mov,7:30:00 AM,0:53:20,L,BEHAVIOR,,NO,NO,0:28:47,0:29:20,,
2,4/10/19,1,D2_SJB_output_good.mov,7:30:00 AM,0:53:20,M,EVENT,,NO,NO,0:29:21,0:29:24,,
2,4/10/19,1,D2_SJB_output_good.mov,7:30:00 AM,0:53:20,L,BEHAVIOR,,NO,NO,0:29:24,0:29:34,,
2,4/10/19,1,D2_SJB_output_good.mov,7:30:00 AM,0:53:20,L,BEHAVIOR,,NO,NO,0:29:39,0:29:51,,
2,4/10/19,1,D2_SJB_output_good.mov,7:30:00 AM,0:53:20,M,EVENT,,NO,NO,0:29:52,0:29:54,,
2,4/10/19,1,D2_SJB_output_good.mov,7:30:00 AM,0:53:20,L,BEHAVIOR,,NO,NO,0:29:55,0:30:38,,
2,4/10/19,1,D2_SJB_output_good.mov,7:30:00 AM,0:53:20,L,BEHAVIOR,,NO,NO,0:30:41,0:30:50,,
2,4/10/19,1,D2_SJB_output_good.mov,7:30:00 AM,0:53:20,M,EVENT,,NO,NO,0:30:51,0:30:55,,
2,4/10/19,1,D2_SJB_output_good.mov,7:30:00 AM,0:53:20,L,BEHAVIOR,,NO,NO,0:31:00,0:31:04,,
2,4/10/19,1,D2_SJB_output_good.mov,7:30:00 AM,0:53:20,L,BEHAVIOR,,NO,NO,0:31:07,0:31:09,,
2,4/10/19,1,D2_SJB_output_good.mov,7:30:00 AM,0:53:20,M,EVENT,,NO,NO,0:31:11,0:31:13,,
2,4/10/19,1,D2_SJB_output_good.mov,7:30:00 AM,0:53:20,L,BEHAVIOR,,NO,NO,0:31:14,0:31:16,,
2,4/10/19,1,D2_SJB_output_good.mov,7:30:00 AM,0:53:20,M,EVENT,,NO,NO,0:31:17,0:31:19,,
2,4/10/19,1,D2_SJB_output_good.mov,7:30:00 AM,0:53:20,L,BEHAVIOR,,NO,NO,0:31:19,0:31:30,,
2,4/10/19,1,D2_SJB_output_good.mov,7:30:00 AM,0:53:20,L,BEHAVIOR,,NO,NO,0:31:38,0:31:47,,
2,4/10/19,1,D2_SJB_output_good.mov,7:30:00 AM,0:53:20,M,EVENT,,NO,NO,0:31:48,0:31:55,,
2,4/10/19,1,D2_SJB_output_good.mov,7:30:00 AM,0:53:20,M,EVENT,,NO,NO,0:32:01,0:32:07,,
2,4/10/19,1,D2_SJB_output_good.mov,7:30:00 AM,0:53:20,L,BEHAVIOR,,NO,NO,0:32:08,0:32:22,,
2,4/10/19,1,D2_SJB_output_good.mov,7:30:00 AM,0:53:20,L,BEHAVIOR,,NO,NO,0:32:25,0:32:58,,
2,4/10/19,1,D2_SJB_output_good.mov,7:30:00 AM,0:53:20,M,EVENT,,NO,NO,0:32:58,0:33:02,,
2,4/10/19,1,D2_SJB_output_good.mov,7:30:00 AM,0:53:20,M,EVENT,,NO,NO,0:33:10,0:33:13,,
2,4/10/19,1,D2_SJB_output_good.mov,7:30:00 AM,0:53:20,L,BEHAVIOR,,NO,NO,0:33:14,0:34:01,,
2,4/10/19,1,D2_SJB_output_good.mov,7:30:00 AM,0:53:20,L,BEHAVIOR,,NO,NO,0:34:05,0:34:59,,
2,4/10/19,1,D2_SJB_output_good.mov,7:30:00 AM,0:53:20,L,BEHAVIOR,,NO,NO,0:35:05,0:35:40,,
2,4/10/19,1,D2_SJB_output_good.mov,7:30:00 AM,0:53:20,S,BEHAVIOR,,NO,NO,0:35:46,0:35:47,,
2,4/10/19,1,D2_SJB_output_good.mov,7:30:00 AM,0:53:20,L,BEHAVIOR,,NO,NO,0:36:09,0:36:56,,
2,4/10/19,1,D2_SJB_output_good.mov,7:30:00 AM,0:53:20,L,BEHAVIOR,,NO,NO,0:37:01,0:37:16,,
2,4/10/19,1,D2_SJB_output_good.mov,7:30:00 AM,0:53:20,B,EVENT,,NO,NO,0:37:17,0:37:19,,
2,4/10/19,1,D2_SJB_output_good.mov,7:30:00 AM,0:53:20,B,EVENT,,NO,NO,0:37:21,0:37:22,,
2,4/10/19,1,D2_SJB_output_good.mov,7:30:00 AM,0:53:20,B,EVENT,,NO,NO,0:37:25,0:37:26,,
2,4/10/19,1,D2_SJB_output_good.mov,7:30:00 AM,0:53:20,M,EVENT,,NO,NO,0:37:32,0:37:34,,
2,4/10/19,1,D2_SJB_output_good.mov,7:30:00 AM,0:53:20,L,BEHAVIOR,,NO,NO,0:37:34,0:37:46,,
2,4/10/19,1,D2_SJB_output_good.mov,7:30:00 AM,0:53:20,M,EVENT,,NO,NO,0:37:46,0:37:50,,
2,4/10/19,1,D2_SJB_output_good.mov,7:30:00 AM,0:53:20,L,BEHAVIOR,,NO,NO,0:37:50,0:37:53,,
2,4/10/19,1,D2_SJB_output_good.mov,7:30:00 AM,0:53:20,M,EVENT,,NO,NO,0:37:55,0:37:59,,
2,4/10/19,1,D2_SJB_output_good.mov,7:30:00 AM,0:53:20,M,EVENT,,NO,NO,0:38:04,0:38:06,,
2,4/10/19,1,D2_SJB_output_good.mov,7:30:00 AM,0:53:20,NB,BEHAVIOR,,NO,NO,0:38:09,0:38:11,,
2,4/10/19,1,D2_SJB_output_good.mov,7:30:00 AM,0:53:20,JB_NB,BEHAVIOR,,NO,NO,0:38:36,0:38:39,,
2,4/10/19,1,D2_SJB_output_good.mov,7:30:00 AM,0:53:20,NB,BEHAVIOR,,NO,YES,0:38:41,0:38:44,,
2,4/10/19,1,D2_SJB_output_good.mov,7:30:00 AM,0:53:20,L,BEHAVIOR,,NO,YES,0:38:46,0:39:03,,
2,4/10/19,1,D2_SJB_output_good.mov,7:30:00 AM,0:53:20,M,EVENT,,NO,NO,0:39:05,0:39:06,,
2,4/10/19,1,D2_SJB_output_good.mov,7:30:00 AM,0:53:20,NB,BEHAVIOR,,NO,NO,0:39:07,0:39:10,,
2,4/10/19,1,D2_SJB_output_good.mov,7:30:00 AM,0:53:20,NB,BEHAVIOR,,NO,NO,0:39:27,0:39:38,,
2,4/10/19,1,D2_SJB_output_good.mov,7:30:00 AM,0:53:20,M,EVENT,,NO,NO,0:39:42,0:39:44,,
2,4/10/19,1,D2_SJB_output_good.mov,7:30:00 AM,0:53:20,M,EVENT,,NO,NO,0:39:46,0:39:51,,
2,4/10/19,1,D2_SJB_output_good.mov,7:30:00 AM,0:53:20,NB,BEHAVIOR,,NO,NO,0:40:03,0:40:05,,
2,4/10/19,1,D2_SJB_output_good.mov,7:30:00 AM,0:53:20,NB,BEHAVIOR,,NO,NO,0:40:09,0:40:13,,
2,4/10/19,1,D2_SJB_output_good.mov,7:30:00 AM,0:53:20,M,EVENT,,NO,NO,0:40:32,0:40:33,,
2,4/10/19,1,D2_SJB_output_good.mov,7:30:00 AM,0:53:20,JB_NB_holds,BEHAVIOR,,NO,YES,0:40:34,0:40:54,,
2,4/10/19,1,D2_SJB_output_good.mov,7:30:00 AM,0:53:20,L,BEHAVIOR,,NO,YES,0:40:58,0:41:15,,
2,4/10/19,1,D2_SJB_output_good.mov,7:30:00 AM,0:53:20,JB_NB_holds,BEHAVIOR,,NO,YES,0:41:19,0:41:36,,
2,4/10/19,1,D2_SJB_output_good.mov,7:30:00 AM,0:53:20,JB_NB_holds,BEHAVIOR,,NO,YES,0:42:13,0:42:54,,
2,4/10/19,1,D2_SJB_output_good.mov,7:30:00 AM,0:53:20,L,BEHAVIOR,,NO,YES,0:42:56,0:43:28,,
2,4/10/19,1,D2_SJB_output_good.mov,7:30:00 AM,0:53:20,L,BEHAVIOR,,NO,NO,0:43:35,0:43:49,,
2,4/10/19,1,D2_SJB_output_good.mov,7:30:00 AM,0:53:20,M,EVENT,,NO,NO,0:43:51,0:43:55,,
2,4/10/19,1,D2_SJB_output_good.mov,7:30:00 AM,0:53:20,M,EVENT,,NO,NO,0:44:04,0:44:12,,
2,4/10/19,1,D2_SJB_output_good.mov,7:30:00 AM,0:53:20,JB_NB,BEHAVIOR,,NO,NO,0:44:33,0:44:34,,
2,4/10/19,1,D2_SJB_output_good.mov,7:30:00 AM,0:53:20,M,EVENT,,NO,NO,0:44:40,0:44:47,,
2,4/10/19,1,D2_SJB_output_good.mov,7:30:00 AM,0:53:20,JB_NB,BEHAVIOR,,NO,NO,0:44:48,0:44:58,,
2,4/10/19,1,D2_SJB_output_good.mov,7:30:00 AM,0:53:20,M,EVENT,,NO,NO,0:44:58,0:45:00,,
2,4/10/19,1,D2_SJB_output_good.mov,7:30:00 AM,0:53:20,JB_NB,BEHAVIOR,,NO,NO,0:45:01,0:45:03,,
2,4/10/19,1,D2_SJB_output_good.mov,7:30:00 AM,0:53:20,JB_NB,BEHAVIOR,,NO,NO,0:45:05,0:45:14,,
2,4/10/19,1,D2_SJB_output_good.mov,7:30:00 AM,0:53:20,L,BEHAVIOR,,NO,NO,0:45:44,0:45:45,,
2,4/10/19,1,D2_SJB_output_good.mov,7:30:00 AM,0:53:20,JB_NB,BEHAVIOR,,NO,YES,0:45:47,0:45:50,,
2,4/10/19,1,D2_SJB_output_good.mov,7:30:00 AM,0:53:20,M,EVENT,,NO,NO,0:46:09,0:46:15,,
2,4/10/19,1,D2_SJB_output_good.mov,7:30:00 AM,0:53:20,M,EVENT,,NO,NO,0:46:17,0:46:19,,
2,4/10/19,1,D2_SJB_output_good.mov,7:30:00 AM,0:53:20,L,BEHAVIOR,,NO,NO,0:46:19,0:46:27,,
2,4/10/19,1,D2_SJB_output_good.mov,7:30:00 AM,0:53:20,L,BEHAVIOR,,NO,NO,0:46:30,0:46:49,,
2,4/10/19,1,D2_SJB_output_good.mov,7:30:00 AM,0:53:20,M,EVENT,,NO,NO,0:46:50,0:46:56,,
2,4/10/19,1,D2_SJB_output_good.mov,7:30:00 AM,0:53:20,L,BEHAVIOR,,NO,NO,0:46:58,0:47:08,,
2,4/10/19,1,D2_SJB_output_good.mov,7:30:00 AM,0:53:20,L,BEHAVIOR,,NO,NO,0:47:10,0:47:16,,
2,4/10/19,1,D2_SJB_output_good.mov,7:30:00 AM,0:53:20,M,EVENT,,NO,NO,0:47:17,0:47:21,,
2,4/10/19,1,D2_SJB_output_good.mov,7:30:00 AM,0:53:20,L,BEHAVIOR,,NO,NO,0:47:24,0:47:46,,
2,4/10/19,1,D2_SJB_output_good.mov,7:30:00 AM,0:53:20,NB,BEHAVIOR,,NO,NO,0:47:47,0:47:48,,
2,4/10/19,1,D2_SJB_output_good.mov,7:30:00 AM,0:53:20,L,BEHAVIOR,,NO,NO,0:47:49,0:48:20,,
2,4/10/19,1,D2_SJB_output_good.mov,7:30:00 AM,0:53:20,M,EVENT,,NO,NO,0:48:20,0:48:21,,
2,4/10/19,1,D2_SJB_output_good.mov,7:30:00 AM,0:53:20,L,BEHAVIOR,,NO,NO,0:48:22,0:48:51,,
2,4/10/19,1,D2_SJB_output_good.mov,7:30:00 AM,0:53:20,M,EVENT,,NO,NO,0:49:26,0:49:31,,
2,4/10/19,1,D2_SJB_output_good.mov,7:30:00 AM,0:53:20,L,BEHAVIOR,,NO,NO,0:49:31,0:49:33,,
2,4/10/19,1,D2_SJB_output_good.mov,7:30:00 AM,0:53:20,L,BEHAVIOR,,NO,NO,0:49:34,0:49:43,,
2,4/10/19,1,D2_SJB_output_good.mov,7:30:00 AM,0:53:20,M,EVENT,,NO,NO,0:49:44,0:49:44,,
2,4/10/19,1,D2_SJB_output_good.mov,7:30:00 AM,0:53:20,L,BEHAVIOR,,NO,NO,0:49:45,0:49:55,,
2,4/10/19,1,D2_SJB_output_good.mov,7:30:00 AM,0:53:20,M,EVENT,,NO,NO,0:49:56,0:49:59,,
2,4/10/19,1,D2_SJB_output_good.mov,7:30:00 AM,0:53:20,M,EVENT,,NO,NO,0:50:03,0:50:06,,
2,4/10/19,1,D2_SJB_output_good.mov,7:30:00 AM,0:53:20,L,BEHAVIOR,,NO,NO,0:50:07,0:50:19,,
2,4/10/19,1,D2_SJB_output_good.mov,7:30:00 AM,0:53:20,M,EVENT,,NO,NO,0:50:21,0:50:28,,
2,4/10/19,1,D2_SJB_output_good.mov,7:30:00 AM,0:53:20,JB_NB,BEHAVIOR,,NO,NO,0:50:29,0:50:31,,
2,4/10/19,1,D2_SJB_output_good.mov,7:30:00 AM,0:53:20,JB_NB,BEHAVIOR,,NO,YES,0:50:32,0:50:34,,
2,4/10/19,1,D2_SJB_output_good.mov,7:30:00 AM,0:53:20,L,BEHAVIOR,,NO,YES,0:50:35,0:51:00,,
2,4/10/19,1,D2_SJB_output_good.mov,7:30:00 AM,0:53:20,B,EVENT,,NO,YES,0:51:01,0:51:05,,
2,4/10/19,1,D2_SJB_output_good.mov,7:30:00 AM,0:53:20,B,EVENT,,NO,YES,0:51:27,0:51:30,,
2,4/10/19,1,D2_SJB_output_good.mov,7:30:00 AM,0:53:20,B,EVENT,,NO,YES,0:51:32,0:51:35,,
2,4/10/19,1,D2_SJB_output_good.mov,7:30:00 AM,0:53:20,JB_NB,BEHAVIOR,,NO,YES,0:51:51,0:52:06,,
2,4/10/19,1,D2_SJB_output_good.mov,7:30:00 AM,0:53:20,B,EVENT,,NO,YES,0:52:08,0:52:09,,
2,4/10/19,1,D2_SJB_output_good.mov,7:30:00 AM,0:53:20,JB_NB,BEHAVIOR,,NO,YES,0:52:06,0:52:46,,
2,4/10/19,1,D2_SJB_output_good.mov,7:30:00 AM,0:53:20,JB_NB,BEHAVIOR,,NO,YES,0:52:47,0:52:49,,
2,4/10/19,1,D2_SJB_output_good.mov,7:30:00 AM,0:53:20,M,EVENT,,NO,NO,0:53:17,0:53:20,,
2,4/10/19,1,D2_SJB_output_good.mov,7:30:00 AM,0:53:20,BA_JB,,,,,0:00:12,0:00:23,,
2,4/10/19,1,D2_SJB_output_good.mov,7:30:00 AM,0:53:20,BA_E,,,,,0:00:26,0:00:27,,
2,4/10/19,1,D2_SJB_output_good.mov,7:30:00 AM,0:53:20,BA_E,,,,,0:00:45,0:01:08,,
2,4/10/19,1,D2_SJB_output_good.mov,7:30:00 AM,0:53:20,BA_JB,,,,,0:01:40,0:01:58,,
2,4/10/19,1,D2_SJB_output_good.mov,7:30:00 AM,0:53:20,BA_E,,,,,0:02:01,0:02:05,,
2,4/10/19,1,D2_SJB_output_good.mov,7:30:00 AM,0:53:20,BA_JB,,,,,0:02:05,0:02:25,,
2,4/10/19,1,D2_SJB_output_good.mov,7:30:00 AM,0:53:20,BA_JB,,,,,0:02:40,0:02:42,,
2,4/10/19,1,D2_SJB_output_good.mov,7:30:00 AM,0:53:20,BA_E,,,,,0:02:44,0:02:50,,
2,4/10/19,1,D2_SJB_output_good.mov,7:30:00 AM,0:53:20,BA_JB,,,,,0:02:58,0:03:10,,
2,4/10/19,1,D2_SJB_output_good.mov,7:30:00 AM,0:53:20,BA_E,,,,,0:03:25,0:03:39,,
2,4/10/19,1,D2_SJB_output_good.mov,7:30:00 AM,0:53:20,BA_E,,,,,0:05:41,0:05:44,,
2,4/10/19,1,D2_SJB_output_good.mov,7:30:00 AM,0:53:20,BA_E,,,,,0:06:19,0:06:22,,
2,4/10/19,1,D2_SJB_output_good.mov,7:30:00 AM,0:53:20,BA_JB,,,,,0:06:26,0:06:28,,
2,4/10/19,1,D2_SJB_output_good.mov,7:30:00 AM,0:53:20,BA_JB,,,,,0:12:25,0:12:26,,
2,4/10/19,1,D2_SJB_output_good.mov,7:30:00 AM,0:53:20,BA_E,,,,,0:12:26,0:12:50,,
2,4/10/19,1,D2_SJB_output_good.mov,7:30:00 AM,0:53:20,BA_V,,,,,0:12:54,0:13:12,,
2,4/10/19,1,D2_SJB_output_good.mov,7:30:00 AM,0:53:20,BA_E,,,,,0:13:12,0:13:33,,
2,4/10/19,1,D2_SJB_output_good.mov,7:30:00 AM,0:53:20,BA_E,,,,,0:14:19,0:14:21,,
2,4/10/19,1,D2_SJB_output_good.mov,7:30:00 AM,0:53:20,BA_JB,,,,,0:14:27,0:14:32,,
2,4/10/19,1,D2_SJB_output_good.mov,7:30:00 AM,0:53:20,BA_E,,,,,0:15:55,0:16:13,,
2,4/10/19,1,D2_SJB_output_good.mov,7:30:00 AM,0:53:20,BA_E,,,,,0:16:23,0:17:05,,
2,4/10/19,1,D2_SJB_output_good.mov,7:30:00 AM,0:53:20,BA_JB,,,,,0:17:05,0:17:18,,
2,4/10/19,1,D2_SJB_output_good.mov,7:30:00 AM,0:53:20,BA_E,,,,,0:17:18,0:17:48,,
2,4/10/19,1,D2_SJB_output_good.mov,7:30:00 AM,0:53:20,BA_JB,,,,,0:18:36,0:19:16,,
2,4/10/19,1,D2_SJB_output_good.mov,7:30:00 AM,0:53:20,BA_E,,,,,0:19:40,0:19:50,,
2,4/10/19,1,D2_SJB_output_good.mov,7:30:00 AM,0:53:20,BA_JB,,,,,0:19:50,0:20:43,,
2,4/10/19,1,D2_SJB_output_good.mov,7:30:00 AM,0:53:20,BA_E,,,,,0:20:43,0:21:02,,
2,4/10/19,1,D2_SJB_output_good.mov,7:30:00 AM,0:53:20,BA_V,,,,,0:22:11,0:23:01,,
2,4/10/19,1,D2_SJB_output_good.mov,7:30:00 AM,0:53:20,BA_JB,,,,,0:23:01,0:23:30,,
2,4/10/19,1,D2_SJB_output_good.mov,7:30:00 AM,0:53:20,BA_E,,,,,0:23:30,0:23:42,,
2,4/10/19,1,D2_SJB_output_good.mov,7:30:00 AM,0:53:20,BA_JB,,,,,0:23:42,0:24:00,,
2,4/10/19,1,D2_SJB_output_good.mov,7:30:00 AM,0:53:20,BA_V,,,,,0:24:00,0:24:50,,
2,4/10/19,1,D2_SJB_output_good.mov,7:30:00 AM,0:53:20,BA_E,,,,,0:24:50,0:24:52,,
2,4/10/19,1,D2_SJB_output_good.mov,7:30:00 AM,0:53:20,BA_JB,,,,,0:25:19,0:25:55,,
2,4/10/19,1,D2_SJB_output_good.mov,7:30:00 AM,0:53:20,BA_V,,,,,0:26:43,0:27:20,,
2,4/10/19,1,D2_SJB_output_good.mov,7:30:00 AM,0:53:20,BA_E,,,,,0:28:00,0:28:18,,
2,4/10/19,1,D2_SJB_output_good.mov,7:30:00 AM,0:53:20,BA_E,,,,,0:31:31,0:31:42,,
2,4/10/19,1,D2_SJB_output_good.mov,7:30:00 AM,0:53:20,BA_JB,,,,,0:31:48,0:31:51,,
2,4/10/19,1,D2_SJB_output_good.mov,7:30:00 AM,0:53:20,BA_V,,,,,0:32:03,0:32:25,,
2,4/10/19,1,D2_SJB_output_good.mov,7:30:00 AM,0:53:20,BA_V,,,,,0:33:17,0:37:14,,
2,4/10/19,1,D2_SJB_output_good.mov,7:30:00 AM,0:53:20,BA_JB,,,,,0:38:35,0:38:40,,
2,4/10/19,1,D2_SJB_output_good.mov,7:30:00 AM,0:53:20,BA_E,,,,,0:38:40,0:38:56,,
2,4/10/19,1,D2_SJB_output_good.mov,7:30:00 AM,0:53:20,BA_JB,,,,,0:39:17,0:40:00,,
2,4/10/19,1,D2_SJB_output_good.mov,7:30:00 AM,0:53:20,BA_JB,,,,,0:40:25,0:40:48,,
2,4/10/19,1,D2_SJB_output_good.mov,7:30:00 AM,0:53:20,BA_JB,,,,,0:41:15,0:41:30,,
2,4/10/19,1,D2_SJB_output_good.mov,7:30:00 AM,0:53:20,BA_E,,,,,0:41:30,0:41:52,,
2,4/10/19,1,D2_SJB_output_good.mov,7:30:00 AM,0:53:20,BA_JB,,,,,0:42:06,0:42:47,,
2,4/10/19,1,D2_SJB_output_good.mov,7:30:00 AM,0:53:20,BA_E,,,,,0:43:11,0:43:40,,
2,4/10/19,1,D2_SJB_output_good.mov,7:30:00 AM,0:53:20,BA_E,,,,,0:44:09,0:44:22,,
2,4/10/19,1,D2_SJB_output_good.mov,7:30:00 AM,0:53:20,BA_JB,,,,,0:44:22,0:44:29,,
2,4/10/19,1,D2_SJB_output_good.mov,7:30:00 AM,0:53:20,BA_E,,,,,0:44:29,0:44:41,,
2,4/10/19,1,D2_SJB_output_good.mov,7:30:00 AM,0:53:20,BA_JB,,,,,0:44:41,0:45:10,,
2,4/10/19,1,D2_SJB_output_good.mov,7:30:00 AM,0:53:20,BA_E,,,,,0:45:25,0:45:30,,
2,4/10/19,1,D2_SJB_output_good.mov,7:30:00 AM,0:53:20,BA_JB,,,,,0:45:39,0:45:45,,
2,4/10/19,1,D2_SJB_output_good.mov,7:30:00 AM,0:53:20,BA_E,,,,,0:45:45,0:45:57,,
2,4/10/19,1,D2_SJB_output_good.mov,7:30:00 AM,0:53:20,BA_E,,,,,0:46:44,0:47:08,,
2,4/10/19,1,D2_SJB_output_good.mov,7:30:00 AM,0:53:20,BA_V,,,,,0:47:30,0:48:22,,
2,4/10/19,1,D2_SJB_output_good.mov,7:30:00 AM,0:53:20,BA_E,,,,,0:48:22,0:48:30,,
2,4/10/19,1,D2_SJB_output_good.mov,7:30:00 AM,0:53:20,BA_V,,,,,0:48:44,0:49:15,,
2,4/10/19,1,D2_SJB_output_good.mov,7:30:00 AM,0:53:20,BA_E,,,,,0:49:15,0:49:13,,
2,4/10/19,1,D2_SJB_output_good.mov,7:30:00 AM,0:53:20,BA_JB,,,,,0:49:13,0:50:28,,
2,4/10/19,1,D2_SJB_output_good.mov,7:30:00 AM,0:53:20,BA_E,,,,,0:50:28,0:51:40,,
2,4/10/19,1,D2_SJB_output_good.mov,7:30:00 AM,0:53:20,BA_JB,,,,,0:51:40,0:53:00,,
2,4/10/19,1,D2_SJB_output_good.mov,7:30:00 AM,0:53:20,BA_E,,,,,0:53:00,0:53:20,,
2,4/10/19,2,D2_S2_output_F.mov,,0:48:45,L,BEHAVIOR,,YES,NO,0:06:00,0:24:00,,
2,4/10/19,2,D2_S2_output_F.mov,,0:48:45,P,BEHAVIOR,,YES,NO,0:26:00,0:27:00,,
2,4/10/19,2,D2_S2_output_F.mov,,0:48:45,L,BEHAVIOR,,YES,NO,0:31:00,0:34:00,,
2,4/10/19,2,D2_S2_output_F.mov,,0:48:45,V,EVENT,,YES,NO,0:48:00,0:49:00,,
2,4/10/19,2,D2_S2_output_F.mov,,0:48:45,P,BEHAVIOR,,YES,NO,1:05:00,1:07:00,,
2,4/10/19,2,D2_S2_output_F.mov,,0:48:45,V,EVENT,,YES,NO,2:09:00,2:10:00,,
2,4/10/19,2,D2_S2_output_F.mov,,0:48:45,V,EVENT,,YES,NO,3:08:00,3:09:00,,
2,4/10/19,2,D2_S2_output_F.mov,,0:48:45,P,BEHAVIOR,,YES,NO,5:16:00,5:30:00,,
2,4/10/19,2,D2_S2_output_F.mov,,0:48:45,P,BEHAVIOR,,YES,NO,5:31:00,5:42:00,,
2,4/10/19,2,D2_S2_output_F.mov,,0:48:45,M,EVENT,,YES,NO,5:44:00,5:54:00,,
2,4/10/19,2,D2_S2_output_F.mov,,0:48:45,NB,BEHAVIOR,,YES,NO,5:54:00,5:58:00,,
2,4/10/19,2,D2_S2_output_F.mov,,0:48:45,NB,BEHAVIOR,,YES,NO,6:01:00,6:07:00,,
2,4/10/19,2,D2_S2_output_F.mov,,0:48:45,L,BEHAVIOR,,YES,NO,6:08:00,6:10:00,,
2,4/10/19,2,D2_S2_output_F.mov,,0:48:45,NB,BEHAVIOR,,YES,NO,6:11:00,6:12:00,,
2,4/10/19,2,D2_S2_output_F.mov,,0:48:45,NB,BEHAVIOR,,YES,NO,6:13:00,6:16:00,,
2,4/10/19,2,D2_S2_output_F.mov,,0:48:45,NB,BEHAVIOR,,YES,NO,6:18:00,6:23:00,,
2,4/10/19,2,D2_S2_output_F.mov,,0:48:45,L,BEHAVIOR,,YES,NO,6:25:00,6:28:00,,
2,4/10/19,2,D2_S2_output_F.mov,,0:48:45,NB,BEHAVIOR,,YES,NO,6:28:00,6:34:00,,
2,4/10/19,2,D2_S2_output_F.mov,,0:48:45,NB,BEHAVIOR,,YES,NO,6:36:00,6:45:00,,
2,4/10/19,2,D2_S2_output_F.mov,,0:48:45,NB,BEHAVIOR,,YES,NO,6:47:00,6:55:00,,
2,4/10/19,2,D2_S2_output_F.mov,,0:48:45,P,BEHAVIOR,,YES,NO,6:58:00,7:13:00,,
2,4/10/19,2,D2_S2_output_F.mov,,0:48:45,P,BEHAVIOR,,YES,NO,7:13:00,7:21:00,,
2,4/10/19,2,D2_S2_output_F.mov,,0:48:45,NB,BEHAVIOR,,YES,NO,7:24:00,7:27:00,,
2,4/10/19,2,D2_S2_output_F.mov,,0:48:45,P,BEHAVIOR,,YES,NO,7:28:00,7:41:00,,
2,4/10/19,2,D2_S2_output_F.mov,,0:48:45,NB,BEHAVIOR,,YES,NO,7:42:00,7:46:00,,
2,4/10/19,2,D2_S2_output_F.mov,,0:48:45,P,BEHAVIOR,,YES,NO,7:47:00,7:55:00,,
2,4/10/19,2,D2_S2_output_F.mov,,0:48:45,NB,BEHAVIOR,,YES,NO,7:55:00,8:01:00,,
2,4/10/19,2,D2_S2_output_F.mov,,0:48:45,E,BEHAVIOR,,YES,NO,8:02:00,8:22:00,,
2,4/10/19,2,D2_S2_output_F.mov,,0:48:45,NB,BEHAVIOR,,YES,NO,8:29:00,8:52:00,,
2,4/10/19,2,D2_S2_output_F.mov,,0:48:45,NB,BEHAVIOR,,YES,NO,8:52:00,9:10:00,,
2,4/10/19,2,D2_S2_output_F.mov,,0:48:45,M,EVENT,,YES,NO,9:12:00,9:21:00,,
2,4/10/19,2,D2_S2_output_F.mov,,0:48:45,NB,BEHAVIOR,,YES,NO,9:24:00,9:25:00,,
2,4/10/19,2,D2_S2_output_F.mov,,0:48:45,L,BEHAVIOR,,YES,NO,9:27:00,9:35:00,,
2,4/10/19,2,D2_S2_output_F.mov,,0:48:45,L,BEHAVIOR,,YES,NO,9:40:00,9:43:00,,
2,4/10/19,2,D2_S2_output_F.mov,,0:48:45,B,EVENT,,YES,NO,9:44:00,9:45:00,,
2,4/10/19,2,D2_S2_output_F.mov,,0:48:45,B,EVENT,,YES,YES,9:46:00,9:49:00,,
2,4/10/19,2,D2_S2_output_F.mov,,0:48:45,U,MUSIC,,YES,YES,9:46:00,10:31:00,,
2,4/10/19,2,D2_S2_output_F.mov,,0:48:45,B,EVENT,,YES,YES,9:57:00,10:00:00,,
2,4/10/19,2,D2_S2_output_F.mov,,0:48:45,H,EVENT,,YES,YES,10:01:00,10:03:00,,
2,4/10/19,2,D2_S2_output_F.mov,,0:48:45,H,EVENT,,YES,YES,10:06:00,10:07:00,,
2,4/10/19,2,D2_S2_output_F.mov,,0:48:45,H,EVENT,,YES,YES,10:08:00,10:10:00,,
2,4/10/19,2,D2_S2_output_F.mov,,0:48:45,H,EVENT,,YES,YES,10:12:00,10:13:00,,
2,4/10/19,2,D2_S2_output_F.mov,,0:48:45,M,EVENT,,YES,YES,10:19:00,10:20:00,,
2,4/10/19,2,D2_S2_output_F.mov,,0:48:45,L,BEHAVIOR,,YES,YES,10:21:00,10:34:00,,
2,4/10/19,2,D2_S2_output_F.mov,,0:48:45,L,BEHAVIOR,,YES,NO,10:35:00,11:03:00,,
2,4/10/19,2,D2_S2_output_F.mov,,0:48:45,V,EVENT,,YES,NO,11:02:00,11:03:00,,
2,4/10/19,2,D2_S2_output_F.mov,,0:48:45,L,BEHAVIOR,,YES,NO,11:05:00,11:06:00,,
2,4/10/19,2,D2_S2_output_F.mov,,0:48:45,M,EVENT,,YES,NO,11:07:00,11:11:00,,
2,4/10/19,2,D2_S2_output_F.mov,,0:48:45,L,BEHAVIOR,,YES,NO,11:12:00,12:31:00,,
2,4/10/19,2,D2_S2_output_F.mov,,0:48:45,V,EVENT,,YES,NO,12:31:00,12:32:00,,
2,4/10/19,2,D2_S2_output_F.mov,,0:48:45,FP,BEHAVIOR,,YES,NO,12:36:00,12:37:00,,
2,4/10/19,2,D2_S2_output_F.mov,,0:48:45,M,EVENT,,YES,NO,13:55:00,14:10:00,,
2,4/10/19,2,D2_S2_output_F.mov,,0:48:45,M,EVENT,,YES,NO,14:12:00,14:16:00,,
2,4/10/19,2,D2_S2_output_F.mov,,0:48:45,L,BEHAVIOR,,YES,NO,14:16:00,14:27:00,,
2,4/10/19,2,D2_S2_output_F.mov,,0:48:45,M,EVENT,,YES,NO,14:28:00,14:32:00,,
2,4/10/19,2,D2_S2_output_F.mov,,0:48:45,E,BEHAVIOR,,YES,NO,14:32:00,14:52:00,,
2,4/10/19,2,D2_S2_output_F.mov,,0:48:45,M,EVENT,,YES,NO,14:52:00,14:54:00,,
2,4/10/19,2,D2_S2_output_F.mov,,0:48:45,L,BEHAVIOR,,YES,NO,14:54:00,15:53:00,,
2,4/10/19,2,D2_S2_output_F.mov,,0:48:45,E,BEHAVIOR,,YES,NO,15:54:00,16:22:00,,
2,4/10/19,2,D2_S2_output_F.mov,,0:48:45,M,EVENT,,YES,NO,16:26:00,16:30:00,,
2,4/10/19,2,D2_S2_output_F.mov,,0:48:45,L,BEHAVIOR,,YES,NO,16:30:00,16:31:00,,
2,4/10/19,2,D2_S2_output_F.mov,,0:48:45,L,BEHAVIOR,,YES,NO,16:49:00,17:15:00,,
2,4/10/19,2,D2_S2_output_F.mov,,0:48:45,H,EVENT,,YES,NO,17:15:00,17:16:00,,
2,4/10/19,2,D2_S2_output_F.mov,,0:48:45,U,MUSIC,,YES,YES,17:17:00,19:52:00,,
2,4/10/19,2,D2_S2_output_F.mov,,0:48:45,L,BEHAVIOR,,YES,YES,17:18:00,17:25:00,,
2,4/10/19,2,D2_S2_output_F.mov,,0:48:45,B,EVENT,,YES,YES,17:25:00,17:27:00,,
2,4/10/19,2,D2_S2_output_F.mov,,0:48:45,L,BEHAVIOR,,YES,YES,17:28:00,17:45:00,,
2,4/10/19,2,D2_S2_output_F.mov,,0:48:45,B,EVENT,,YES,YES,17:45:00,17:48:00,,
2,4/10/19,2,D2_S2_output_F.mov,,0:48:45,B,EVENT,,YES,YES,17:50:00,17:51:00,,
2,4/10/19,2,D2_S2_output_F.mov,,0:48:45,V,EVENT,,YES,YES,17:54:00,17:55:00,,
2,4/10/19,2,D2_S2_output_F.mov,,0:48:45,B,EVENT,,YES,YES,17:56:00,17:58:00,,
2,4/10/19,2,D2_S2_output_F.mov,,0:48:45,H,EVENT,,YES,YES,18:01:00,18:02:00,,
2,4/10/19,2,D2_S2_output_F.mov,,0:48:45,L,BEHAVIOR,,YES,YES,18:07:00,18:10:00,,
2,4/10/19,2,D2_S2_output_F.mov,,0:48:45,B,EVENT,,YES,YES,18:10:00,18:13:00,,
2,4/10/19,2,D2_S2_output_F.mov,,0:48:45,H,EVENT,,YES,YES,18:14:00,18:18:00,,
2,4/10/19,2,D2_S2_output_F.mov,,0:48:45,L,BEHAVIOR,,YES,YES,18:18:00,18:20:00,,
2,4/10/19,2,D2_S2_output_F.mov,,0:48:45,H,EVENT,,YES,YES,18:21:00,18:24:00,,
2,4/10/19,2,D2_S2_output_F.mov,,0:48:45,B,EVENT,,YES,YES,18:28:00,18:30:00,,
2,4/10/19,2,D2_S2_output_F.mov,,0:48:45,B,EVENT,,YES,YES,18:34:00,18:36:00,,
2,4/10/19,2,D2_S2_output_F.mov,,0:48:45,H,EVENT,,YES,YES,18:39:00,18:40:00,,
2,4/10/19,2,D2_S2_output_F.mov,,0:48:45,H,EVENT,,YES,YES,18:44:00,18:48:00,,
2,4/10/19,2,D2_S2_output_F.mov,,0:48:45,B,EVENT,,YES,YES,18:49:00,18:51:00,,
2,4/10/19,2,D2_S2_output_F.mov,,0:48:45,H,EVENT,,YES,YES,18:53:00,18:53:00,,
2,4/10/19,2,D2_S2_output_F.mov,,0:48:45,B,EVENT,,YES,YES,18:56:00,18:58:00,,
2,4/10/19,2,D2_S2_output_F.mov,,0:48:45,H,EVENT,,YES,YES,19:00:00,19:01:00,,
2,4/10/19,2,D2_S2_output_F.mov,,0:48:45,B,EVENT,,YES,YES,19:05:00,19:11:00,,
2,4/10/19,2,D2_S2_output_F.mov,,0:48:45,M,EVENT,,YES,YES,19:13:00,19:17:00,,
2,4/10/19,2,D2_S2_output_F.mov,,0:48:45,B,EVENT,,YES,YES,19:18:00,19:22:00,,
2,4/10/19,2,D2_S2_output_F.mov,,0:48:45,M,EVENT,,YES,YES,19:22:00,19:26:00,,
2,4/10/19,2,D2_S2_output_F.mov,,0:48:45,B,EVENT,,YES,YES,19:27:00,19:30:00,,
2,4/10/19,2,D2_S2_output_F.mov,,0:48:45,M,EVENT,,YES,YES,19:33:00,19:38:00,,
2,4/10/19,2,D2_S2_output_F.mov,,0:48:45,B,EVENT,,YES,YES,19:39:00,19:41:00,,
2,4/10/19,2,D2_S2_output_F.mov,,0:48:45,B,EVENT,,YES,YES,19:44:00,19:45:00,,
2,4/10/19,2,D2_S2_output_F.mov,,0:48:45,E,BEHAVIOR,,YES,YES,19:50:00,20:03:00,,
2,4/10/19,2,D2_S2_output_F.mov,,0:48:45,B,EVENT,,YES,NO,20:03:00,20:05:00,,
2,4/10/19,2,D2_S2_output_F.mov,,0:48:45,E,BEHAVIOR,,YES,YES,20:06:00,20:36:00,,
2,4/10/19,2,D2_S2_output_F.mov,,0:48:45,U,MUSIC,,YES,YES,20:24:00,20:41:00,,
2,4/10/19,2,D2_S2_output_F.mov,,0:48:45,E,BEHAVIOR,,YES,NO,20:41:00,21:08:00,,
2,4/10/19,2,D2_S2_output_F.mov,,0:48:45,B,EVENT,,YES,NO,21:10:00,21:18:00,,
2,4/10/19,2,D2_S2_output_F.mov,,0:48:45,U,MUSIC,,YES,YES,21:13:00,21:52:00,,
2,4/10/19,2,D2_S2_output_F.mov,,0:48:45,B,EVENT,,YES,YES,21:22:00,21:25:00,,
2,4/10/19,2,D2_S2_output_F.mov,,0:48:45,NB,BEHAVIOR,,YES,YES,21:26:00,21:34:00,,
2,4/10/19,2,D2_S2_output_F.mov,,0:48:45,B,EVENT,,YES,YES,21:34:00,21:37:00,,
2,4/10/19,2,D2_S2_output_F.mov,,0:48:45,B,EVENT,,YES,YES,21:38:00,21:40:00,,
2,4/10/19,2,D2_S2_output_F.mov,,0:48:45,L,BEHAVIOR,,YES,YES,21:41:00,21:52:00,,
2,4/10/19,2,D2_S2_output_F.mov,,0:48:45,NB,BEHAVIOR,,YES,NO,21:53:00,21:57:00,,
2,4/10/19,2,D2_S2_output_F.mov,,0:48:45,M,EVENT,,YES,NO,21:58:00,22:01:00,,
2,4/10/19,2,D2_S2_output_F.mov,,0:48:45,B,EVENT,,YES,NO,22:02:00,22:03:00,,
2,4/10/19,2,D2_S2_output_F.mov,,0:48:45,U,MUSIC,,YES,YES,22:04:00,22:30:00,,
2,4/10/19,2,D2_S2_output_F.mov,,0:48:45,NB,BEHAVIOR,,YES,YES,22:05:00,22:10:00,,
2,4/10/19,2,D2_S2_output_F.mov,,0:48:45,H,EVENT,,YES,YES,22:14:00,22:14:00,,
2,4/10/19,2,D2_S2_output_F.mov,,0:48:45,H,EVENT,,YES,YES,22:17:00,22:18:00,,
2,4/10/19,2,D2_S2_output_F.mov,,0:48:45,H,EVENT,,YES,YES,22:21:00,22:22:00,,
2,4/10/19,2,D2_S2_output_F.mov,,0:48:45,H,EVENT,,YES,YES,22:22:00,22:25:00,,
2,4/10/19,2,D2_S2_output_F.mov,,0:48:45,NB,BEHAVIOR,,YES,NO,22:55:00,22:58:00,,
2,4/10/19,2,D2_S2_output_F.mov,,0:48:45,L,BEHAVIOR,,YES,NO,23:00:00,23:45:00,,
2,4/10/19,2,D2_S2_output_F.mov,,0:48:45,L,BEHAVIOR,,YES,NO,23:52:00,23:58:00,,
2,4/10/19,2,D2_S2_output_F.mov,,0:48:45,M,EVENT,,YES,NO,23:59:00,24:04:00,,
2,4/10/19,2,D2_S2_output_F.mov,,0:48:45,FP,BEHAVIOR,,YES,NO,24:06:00,24:07:00,,
2,4/10/19,2,D2_S2_output_F.mov,,0:48:45,L,BEHAVIOR,,YES,NO,24:08:00,24:39:00,,
2,4/10/19,2,D2_S2_output_F.mov,,0:48:45,P,BEHAVIOR,,YES,NO,24:40:00,24:49:00,,
2,4/10/19,2,D2_S2_output_F.mov,,0:48:45,V,EVENT,,YES,NO,24:52:00,24:54:00,,
2,4/10/19,2,D2_S2_output_F.mov,,0:48:45,L,BEHAVIOR,,YES,NO,24:55:00,25:41:00,,
2,4/10/19,2,D2_S2_output_F.mov,,0:48:45,M,EVENT,,YES,NO,25:46:00,25:53:00,,
2,4/10/19,2,D2_S2_output_F.mov,,0:48:45,L,BEHAVIOR,,YES,NO,25:54:00,27:30:00,,
2,4/10/19,2,D2_S2_output_F.mov,,0:48:45,H,EVENT,,YES,NO,27:31:00,27:32:00,,
2,4/10/19,2,D2_S2_output_F.mov,,0:48:45,P,BEHAVIOR,,YES,NO,27:34:00,27:35:00,,
2,4/10/19,2,D2_S2_output_F.mov,,0:48:45,L,BEHAVIOR,,YES,NO,27:37:00,28:15:00,,
2,4/10/19,2,D2_S2_output_F.mov,,0:48:45,M,EVENT,,YES,NO,28:16:00,28:29:00,,
2,4/10/19,2,D2_S2_output_F.mov,,0:48:45,NB,BEHAVIOR,,YES,NO,28:30:00,28:32:00,,
2,4/10/19,2,D2_S2_output_F.mov,,0:48:45,M,EVENT,,YES,NO,28:33:00,28:38:00,,
2,4/10/19,2,D2_S2_output_F.mov,,0:48:45,E,BEHAVIOR,,YES,NO,28:39:00,29:56:00,,
2,4/10/19,2,D2_S2_output_F.mov,,0:48:45,M,EVENT,,YES,NO,30:00:00,30:03:00,,
2,4/10/19,2,D2_S2_output_F.mov,,0:48:45,M,EVENT,,YES,NO,30:06:00,30:21:00,,
2,4/10/19,2,D2_S2_output_F.mov,,0:48:45,E,BEHAVIOR,,YES,NO,30:21:00,31:29:00,,
2,4/10/19,2,D2_S2_output_F.mov,,0:48:45,NB,BEHAVIOR,,YES,NO,31:36:00,31:38:00,,
2,4/10/19,2,D2_S2_output_F.mov,,0:48:45,NB,BEHAVIOR,,YES,NO,31:46:00,31:59:00,,
2,4/10/19,2,D2_S2_output_F.mov,,0:48:45,M,EVENT,,YES,NO,32:07:00,32:08:00,,
2,4/10/19,2,D2_S2_output_F.mov,,0:48:45,NB,BEHAVIOR,,YES,NO,32:09:00,32:14:00,,
2,4/10/19,2,D2_S2_output_F.mov,,0:48:45,M,EVENT,,YES,NO,32:14:00,32:20:00,,
2,4/10/19,2,D2_S2_output_F.mov,,0:48:45,L,BEHAVIOR,,YES,NO,32:20:00,32:48:00,,
2,4/10/19,2,D2_S2_output_F.mov,,0:48:45,L,BEHAVIOR,,YES,NO,32:52:00,33:01:00,,
2,4/10/19,2,D2_S2_output_F.mov,,0:48:45,U,MUSIC,,YES,YES,32:53:00,33:15:00,,
2,4/10/19,2,D2_S2_output_F.mov,,0:48:45,L,BEHAVIOR,,YES,YES,33:09:00,33:12:00,,
2,4/10/19,2,D2_S2_output_F.mov,,0:48:45,L,BEHAVIOR,,YES,NO,33:20:00,33:28:00,,
2,4/10/19,2,D2_S2_output_F.mov,,0:48:45,L,BEHAVIOR,,YES,NO,33:31:00,33:37:00,,
2,4/10/19,2,D2_S2_output_F.mov,,0:48:45,B,EVENT,,YES,NO,33:38:00,33:40:00,,
2,4/10/19,2,D2_S2_output_F.mov,,0:48:45,U,MUSIC,,YES,YES,33:41:00,34:33:00,,
2,4/10/19,2,D2_S2_output_F.mov,,0:48:45,L,BEHAVIOR,,YES,YES,33:43:00,33:50:00,,
2,4/10/19,2,D2_S2_output_F.mov,,0:48:45,B,EVENT,,YES,YES,33:53:00,33:57:00,,
2,4/10/19,2,D2_S2_output_F.mov,,0:48:45,B,EVENT,,YES,YES,33:57:00,33:59:00,,
2,4/10/19,2,D2_S2_output_F.mov,,0:48:45,L,BEHAVIOR,,YES,YES,34:01:00,34:03:00,,
2,4/10/19,2,D2_S2_output_F.mov,,0:48:45,H,EVENT,,YES,YES,34:03:00,34:04:00,,
2,4/10/19,2,D2_S2_output_F.mov,,0:48:45,H,EVENT,,YES,YES,34:13:00,34:14:00,,
2,4/10/19,2,D2_S2_output_F.mov,,0:48:45,L,BEHAVIOR,,YES,YES,34:15:00,34:18:00,,
2,4/10/19,2,D2_S2_output_F.mov,,0:48:45,H,EVENT,,YES,YES,34:18:00,34:20:00,,
2,4/10/19,2,D2_S2_output_F.mov,,0:48:45,V,EVENT,,YES,YES,34:23:00,34:24:00,,
2,4/10/19,2,D2_S2_output_F.mov,,0:48:45,L,BEHAVIOR,,YES,YES,34:25:00,34:32:00,,
2,4/10/19,2,D2_S2_output_F.mov,,0:48:45,M,EVENT,,YES,YES,34:48:00,34:54:00,,
2,4/10/19,2,D2_S2_output_F.mov,,0:48:45,V,EVENT,,YES,NO,34:55:00,34:56:00,,
2,4/10/19,2,D2_S2_output_F.mov,,0:48:45,FP,BEHAVIOR,,YES,NO,35:09:00,35:10:00,,
2,4/10/19,2,D2_S2_output_F.mov,,0:48:45,P,BEHAVIOR,,YES,NO,37:59:00,38:08:00,,
2,4/10/19,2,D2_S2_output_F.mov,,0:48:45,M,EVENT,,YES,NO,38:09:00,38:15:00,,
2,4/10/19,2,D2_S2_output_F.mov,,0:48:45,L,BEHAVIOR,,YES,NO,38:16:00,38:17:00,,
2,4/10/19,2,D2_S2_output_F.mov,,0:48:45,M,EVENT,,YES,NO,38:22:00,38:26:00,,
2,4/10/19,2,D2_S2_output_F.mov,,0:48:45,U,MUSIC,,YES,YES,38:25:00,38:43:00,,
2,4/10/19,2,D2_S2_output_F.mov,,0:48:45,V,EVENT,,YES,YES,38:33:00,38:34:00,,
2,4/10/19,2,D2_S2_output_F.mov,,0:48:45,L,BEHAVIOR,,YES,YES,38:35:00,39:19:00,,
2,4/10/19,2,D2_S2_output_F.mov,,0:48:45,FP,BEHAVIOR,,YES,NO,39:22:00,39:23:00,,
2,4/10/19,2,D2_S2_output_F.mov,,0:48:45,M,EVENT,,YES,NO,39:34:00,39:40:00,,
2,4/10/19,2,D2_S2_output_F.mov,,0:48:45,L,BEHAVIOR,,YES,YES,39:41:00,39:59:00,,
2,4/10/19,2,D2_S2_output_F.mov,,0:48:45,U,MUSIC,,YES,YES,39:42:00,40:01:00,,
2,4/10/19,2,D2_S2_output_F.mov,,0:48:45,B,EVENT,,YES,NO,42:57:00,43:01:00,,
2,4/10/19,2,D2_S2_output_F.mov,,0:48:45,B,EVENT,,YES,NO,43:05:00,43:08:00,,
2,4/10/19,2,D2_S2_output_F.mov,,0:48:45,U,MUSIC,,YES,YES,43:06:00,43:48:00,,
2,4/10/19,2,D2_S2_output_F.mov,,0:48:45,B,EVENT,,YES,YES,43:11:00,43:17:00,,
2,4/10/19,2,D2_S2_output_F.mov,,0:48:45,B,EVENT,,YES,YES,43:29:00,43:31:00,,
2,4/10/19,2,D2_S2_output_F.mov,,0:48:45,M,EVENT,,YES,NO,44:28:00,44:41:00,,
2,4/10/19,2,D2_S2_output_F.mov,,0:48:45,L,BEHAVIOR,,YES,NO,44:47:00,45:55:00,,
2,4/10/19,2,D2_S2_output_F.mov,,0:48:45,L,BEHAVIOR,,YES,NO,46:01:00,47:20:00,,
2,4/10/19,2,D2_S2_output_F.mov,,0:48:45,L,BEHAVIOR,,YES,NO,47:22:00,48:45:00,,
2,4/10/19,2,D2_S2_output_F.mov,,1:48:45,BA_E,,,,,0:00:00,0:00:19,,
2,4/10/19,2,D2_S2_output_F.mov,,2:48:45,BA_V,,,,,0:00:19,0:00:21,,
2,4/10/19,2,D2_S2_output_F.mov,,3:48:45,BA_E,,,,,0:00:21,0:01:06,,
2,4/10/19,2,D2_S2_output_F.mov,,4:48:45,BA_E,,,,,0:01:10,0:02:20,,
2,4/10/19,2,D2_S2_output_F.mov,,5:48:45,,,,,,0:01:41,0:01:56,,
2,4/10/19,2,D2_S2_output_F.mov,,6:48:45,BA_E,,,,,0:02:24,0:02:46,,
2,4/10/19,2,D2_S2_output_F.mov,,7:48:45,BA_E,,,,,0:02:52,0:03:15,,
2,4/10/19,2,D2_S2_output_F.mov,,8:48:45,BA_E,,,,,0:03:25,0:03:54,,
2,4/10/19,2,D2_S2_output_F.mov,,9:48:45,VA_B,,,,,0:03:52,0:04:01,hello birdy!,
2,4/10/19,2,D2_S2_output_F.mov,,10:48:45,BA_V,,,,,0:03:54,0:04:11,,
2,4/10/19,2,D2_S2_output_F.mov,,11:48:45,BA_E,,,,,0:04:25,0:04:36,,
2,4/10/19,2,D2_S2_output_F.mov,,12:48:45,VA_B,,,,,0:04:13,0:04:28,,
2,4/10/19,2,D2_S2_output_F.mov,,13:48:45,BA_E,,,,,0:04:45,0:05:00,,
2,4/10/19,2,D2_S2_output_F.mov,,14:48:45,BA_E,,,,,0:06:27,0:06:28,,
2,4/10/19,2,D2_S2_output_F.mov,,15:48:45,BA_E,,,,,0:07:50,0:07:52,,
2,4/10/19,2,D2_S2_output_F.mov,,16:48:45,BA_V,,,,,0:08:10,0:08:11,,
2,4/10/19,2,D2_S2_output_F.mov,,17:48:45,BA_E,,,,,0:09:02,0:09:05,,
2,4/10/19,2,D2_S2_output_F.mov,,18:48:45,BA_E,,,,,0:09:17,0:09:18,,
2,4/10/19,2,D2_S2_output_F.mov,,19:48:45,VA_B,,,,,0:09:10,0:09:27,already a Macaw,
2,4/10/19,2,D2_S2_output_F.mov,,20:48:45,BA_E,,,,,0:09:16,0:09:19,,
2,4/10/19,2,D2_S2_output_F.mov,,21:48:45,BA_V,,,,,0:09:25,0:09:29,,
2,4/10/19,2,D2_S2_output_F.mov,,22:48:45,BA_E,,,,,0:09:29,0:09:32,,
2,4/10/19,2,D2_S2_output_F.mov,,23:48:45,BA_V,,,,,0:09:32,0:09:55,,
2,4/10/19,2,D2_S2_output_F.mov,,0:48:45,BA_E,,,,,0:09:55,,,
2,4/10/19,2,D2_S2_output_F.mov,,1:48:45,VA_B,,,,,0:10:00,,dancing,
2,4/10/19,2,D2_S2_output_F.mov,,2:48:45,BA_V,,,,,0:10:01,0:10:07,,
2,4/10/19,2,D2_S2_output_F.mov,,3:48:45,BA_E,,,,,0:10:07,0:10:08,,
2,4/10/19,2,D2_S2_output_F.mov,,4:48:45,BA_V,,,,,0:10:08,0:10:10,,
2,4/10/19,2,D2_S2_output_F.mov,,5:48:45,BA_E,,,,,0:10:10,0:10:15,,
2,4/10/19,2,D2_S2_output_F.mov,,6:48:45,BA_V,,,,,0:10:15,0:10:17,,
2,4/10/19,2,D2_S2_output_F.mov,,7:48:45,BA_E,,,,,0:10:17,0:10:32,,
2,4/10/19,2,D2_S2_output_F.mov,,8:48:45,VA_B,,,,,0:10:31,0:11:25,do you see the parrot,
2,4/10/19,2,D2_S2_output_F.mov,,9:48:45,BA_V,,,,,0:10:33,0:11:05,,
2,4/10/19,2,D2_S2_output_F.mov,,10:48:45,BA_E,,,,,0:11:05,0:11:06,,
2,4/10/19,2,D2_S2_output_F.mov,,11:48:45,BA_E,,,,,0:11:11,0:11:25,,
2,4/10/19,2,D2_S2_output_F.mov,,12:48:45,BA_E,,,,,0:12:03,0:12:04,,
2,4/10/19,2,D2_S2_output_F.mov,,13:48:45,VA_B,,,,,0:12:00,0:12:39,macaw,
2,4/10/19,2,D2_S2_output_F.mov,,14:48:45,BA_E,,,,,0:12:08,0:12:20,,
2,4/10/19,2,D2_S2_output_F.mov,,15:48:45,BA_V,,,,,0:12:20,0:12:23,,
2,4/10/19,2,D2_S2_output_F.mov,,16:48:45,BA_V,,,,,0:12:43,0:12:46,,
2,4/10/19,2,D2_S2_output_F.mov,,17:48:45,BA_V,,,,,0:12:49,0:12:56,,
2,4/10/19,2,D2_S2_output_F.mov,,18:48:45,BA_E,,,,,0:13:13,0:13:22,,
2,4/10/19,2,D2_S2_output_F.mov,,19:48:45,VA_B,,,,,0:13:16,0:13:50,oh waw!,
2,4/10/19,2,D2_S2_output_F.mov,,20:48:45,BA_V,,,,,0:13:22,0:13:53,,
2,4/10/19,2,D2_S2_output_F.mov,,21:48:45,VA_B,,,,,0:14:10,0:14:25,hey a bird,
2,4/10/19,2,D2_S2_output_F.mov,,22:48:45,BA_E,,,,,0:14:15,0:14:28,,
2,4/10/19,2,D2_S2_output_F.mov,,23:48:45,BA_V,,,,,0:14:34,0:14:52,,
2,4/10/19,2,D2_S2_output_F.mov,,0:48:45,VA_B,,,,,0:14:33,0:15:07,you see the blue,
2,4/10/19,2,D2_S2_output_F.mov,,1:48:45,BA_E,,,,,0:14:55,0:15:12,,
2,4/10/19,2,D2_S2_output_F.mov,,2:48:45,VA_B,,,,,0:15:27,0:15:52,a hyacinth,
2,4/10/19,2,D2_S2_output_F.mov,,3:48:45,BA_E,,,,,0:16:10,0:16:16,,
2,4/10/19,2,D2_S2_output_F.mov,,4:48:45,VA_B,,,,,0:16:16,0:21:53,YOU SEE THE BIG BIRD,
2,4/10/19,2,D2_S2_output_F.mov,,5:48:45,BA_V,,,,,0:16:17,0:16:47,,
2,4/10/19,2,D2_S2_output_F.mov,,6:48:45,BA_E,,,,,0:16:47,0:17:15,,
2,4/10/19,2,D2_S2_output_F.mov,,7:48:45,BA_V,,,,,0:17:15,0:17:24,,
2,4/10/19,2,D2_S2_output_F.mov,,8:48:45,BA_E,,,,,0:17:24,0:17:25,,
2,4/10/19,2,D2_S2_output_F.mov,,9:48:45,BA_V,,,,,0:17:25,0:17:28,,
2,4/10/19,2,D2_S2_output_F.mov,,10:48:45,BA_E,,,,,0:17:28,0:17:30,,
2,4/10/19,2,D2_S2_output_F.mov,,11:48:45,BA_V,,,,,0:17:30,0:17:58,,
2,4/10/19,2,D2_S2_output_F.mov,,12:48:45,BA_E,,,,,0:18:10,0:18:13,,
2,4/10/19,2,D2_S2_output_F.mov,,13:48:45,BA_V,,,,,0:18:13,0:18:25,,
2,4/10/19,2,D2_S2_output_F.mov,,14:48:45,BA_E,,,,,0:18:25,0:18:26,,
2,4/10/19,2,D2_S2_output_F.mov,,15:48:45,BA_V,,,,,0:18:26,0:19:23,,
2,4/10/19,2,D2_S2_output_F.mov,,16:48:45,BA_E,,,,,0:19:23,0:19:26,,
2,4/10/19,2,D2_S2_output_F.mov,,17:48:45,BA_V,,,,,0:19:26,0:19:29,,
2,4/10/19,2,D2_S2_output_F.mov,,18:48:45,BA_E,,,,,0:19:39,0:19:40,,
2,4/10/19,2,D2_S2_output_F.mov,,19:48:45,BA_V,,,,,0:19:40,0:20:01,,
2,4/10/19,2,D2_S2_output_F.mov,,20:48:45,BA_E,,,,,0:20:01,0:20:25,,
2,4/10/19,2,D2_S2_output_F.mov,,21:48:45,BA_V,,,,,0:20:25,0:20:52,,
2,4/10/19,2,D2_S2_output_F.mov,,22:48:45,BA_E,,,,,0:20:52,0:21:13,,
2,4/10/19,2,D2_S2_output_F.mov,,23:48:45,BA_V,,,,,0:21:13,0:21:30,,
2,4/10/19,2,D2_S2_output_F.mov,,0:48:45,BA_E,,,,,0:21:32,0:21:37,,
2,4/10/19,2,D2_S2_output_F.mov,,1:48:45,BA_V,,,,,0:21:37,0:21:53,,
2,4/10/19,2,D2_S2_output_F.mov,,2:48:45,BA_V,,,,,0:21:56,0:21:57,,
2,4/10/19,2,D2_S2_output_F.mov,,3:48:45,VA_B,,,,,0:21:53,0:22:34,,
2,4/10/19,2,D2_S2_output_F.mov,,4:48:45,BA_E,,,,,0:21:57,0:22:06,,
2,4/10/19,2,D2_S2_output_F.mov,,5:48:45,BA_V,,,,,0:22:10,0:22:15,,
2,4/10/19,2,D2_S2_output_F.mov,,6:48:45,BA_E,,,,,0:22:15,0:22:16,,
2,4/10/19,2,D2_S2_output_F.mov,,7:48:45,BA_V,,,,,0:22:16,0:22:30,,
2,4/10/19,2,D2_S2_output_F.mov,,8:48:45,BA_V,,,,,0:22:41,0:22:52,,
2,4/10/19,2,D2_S2_output_F.mov,,9:48:45,VA_B,,,,,0:22:50,0:23:05,look a parrot!,
2,4/10/19,2,D2_S2_output_F.mov,,10:48:45,BA_E,,,,,0:22:58,0:23:01,,
2,4/10/19,2,D2_S2_output_F.mov,,11:48:45,BA_E,,,,,0:23:12,0:23:40,,
2,4/10/19,2,D2_S2_output_F.mov,,12:48:45,BA_V,,,,,0:23:40,0:23:41,,
2,4/10/19,2,D2_S2_output_F.mov,,13:48:45,BA_E,,,,,0:23:41,0:23:45,,
2,4/10/19,2,D2_S2_output_F.mov,,14:48:45,BA_V,,,,,0:23:53,0:23:55,,
2,4/10/19,2,D2_S2_output_F.mov,,15:48:45,VA_B,,,,,0:24:09,0:24:14,Bird!,
2,4/10/19,2,D2_S2_output_F.mov,,16:48:45,BA_V,,,,,0:24:09,0:24:17,,
2,4/10/19,2,D2_S2_output_F.mov,,17:48:45,BA_E,,,,,0:24:17,0:24:25,,
2,4/10/19,2,D2_S2_output_F.mov,,18:48:45,BA_V,,,,,0:24:32,0:24:25,,
2,4/10/19,2,D2_S2_output_F.mov,,19:48:45,VA_B,,,,,0:24:26,0:24:40,,
2,4/10/19,2,D2_S2_output_F.mov,,20:48:45,BA_V,,,,,0:24:30,0:24:36,,
2,4/10/19,2,D2_S2_output_F.mov,,21:48:45,BA_E,,,,,0:24:51,0:25:04,,
2,4/10/19,2,D2_S2_output_F.mov,,22:48:45,BA_V,,,,,0:25:04,0:25:26,,
2,4/10/19,2,D2_S2_output_F.mov,,23:48:45,VA_B,,,,,0:24:10,0:25:36,bird,
2,4/10/19,2,D2_S2_output_F.mov,,0:48:45,VA_B,,,,,0:25:50,0:26:49,birdy!,
2,4/10/19,2,D2_S2_output_F.mov,,1:48:45,BA_V,,,,,0:25:58,0:26:31,,
2,4/10/19,2,D2_S2_output_F.mov,,2:48:45,BA_E,,,,,0:26:31,0:26:50,,
2,4/10/19,2,D2_S2_output_F.mov,,3:48:45,BA_V,,,,,0:26:53,0:27:05,,
2,4/10/19,2,D2_S2_output_F.mov,,4:48:45,BA_E,,,,,0:27:13,0:27:16,,
2,4/10/19,2,D2_S2_output_F.mov,,5:48:45,BA_V,,,,,0:27:23,0:27:27,,
2,4/10/19,2,D2_S2_output_F.mov,,6:48:45,BA_E,,,,,0:27:27,0:27:42,,
2,4/10/19,2,D2_S2_output_F.mov,,7:48:45,VA_B,,,,,0:27:39,0:27:50,,
2,4/10/19,2,D2_S2_output_F.mov,,8:48:45,BA_V,,,,,0:27:54,0:28:20,,
2,4/10/19,2,D2_S2_output_F.mov,,9:48:45,VA_B,,,,,0:27:53,0:28:10,,
2,4/10/19,2,D2_S2_output_F.mov,,10:48:45,VA_B,,,,,0:28:29,0:28:59,it's a bnird!,
2,4/10/19,2,D2_S2_output_F.mov,,11:48:45,BA_E,,,,,0:28:38,0:28:44,,
2,4/10/19,2,D2_S2_output_F.mov,,12:48:45,BA_V,,,,,0:28:44,0:28:56,,
2,4/10/19,2,D2_S2_output_F.mov,,13:48:45,BA_V,,,,,0:29:02,0:29:04,,
2,4/10/19,2,D2_S2_output_F.mov,,14:48:45,VA_B,,,,,0:29:04,0:29:23,i want to take a picture with the bird,
2,4/10/19,2,D2_S2_output_F.mov,,15:48:45,VA_B,,,,,0:29:44,0:29:58,,
2,4/10/19,2,D2_S2_output_F.mov,,16:48:45,VA_B,,,,,0:30:29,0:30:35,look at that bird,
2,4/10/19,2,D2_S2_output_F.mov,,17:48:45,BA_V,,,,,0:30:42,0:30:43,,
2,4/10/19,2,D2_S2_output_F.mov,,18:48:45,VA_B,,,,,0:30:50,0:31:11,,
2,4/10/19,2,D2_S2_output_F.mov,,19:48:45,BA_V,,,,,0:31:25,0:31:28,,
2,4/10/19,2,D2_S2_output_F.mov,,20:48:45,BA_E,,,,,0:32:16,0:32:18,,
2,4/10/19,2,D2_S2_output_F.mov,,21:48:45,BA_V,,,,,0:32:28,0:32:43,,
2,4/10/19,2,D2_S2_output_F.mov,,22:48:45,BA_E,,,,,0:32:50,0:32:52,,
2,4/10/19,2,D2_S2_output_F.mov,,23:48:45,BA_V,,,,,0:32:53,0:33:04,,
2,4/10/19,2,D2_S2_output_F.mov,,0:48:45,BA_E,,,,,0:33:22,0:33:44,,
2,4/10/19,2,D2_S2_output_F.mov,,1:48:45,VA_B,,,,,0:33:40,0:34:40,,
2,4/10/19,2,D2_S2_output_F.mov,,2:48:45,BA_V,,,,,0:33:50,0:34:25,,
2,4/10/19,2,D2_S2_output_F.mov,,3:48:45,BA_E,,,,,0:34:25,0:34:26,,
2,4/10/19,2,D2_S2_output_F.mov,,4:48:45,BA_V,,,,,0:34:26,0:34:30,,
2,4/10/19,2,D2_S2_output_F.mov,,5:48:45,BA_V,,,,,0:34:55,0:35:53,,
2,4/10/19,2,D2_S2_output_F.mov,,6:48:45,VA_B,,,,,0:34:56,0:35:38,,
2,4/10/19,2,D2_S2_output_F.mov,,7:48:45,VA_B,,,,,0:36:00,0:36:40,it's a macaw!,
2,4/10/19,2,D2_S2_output_F.mov,,8:48:45,VA_B,,,,,0:36:48,0:37:19,,
2,4/10/19,2,D2_S2_output_F.mov,,9:48:45,BA_V,,,,,0:36:50,0:37:32,,
2,4/10/19,2,D2_S2_output_F.mov,,10:48:45,BA_V,,,,,0:38:10,0:38:56,,
2,4/10/19,2,D2_S2_output_F.mov,,11:48:45,VA_B,,,,,0:38:35,0:39:45,oh a parrot,
2,4/10/19,2,D2_S2_output_F.mov,,12:48:45,BA_V,,,,,0:39:25,0:39:28,,
2,4/10/19,2,D2_S2_output_F.mov,,13:48:45,BA_V,,,,,0:39:39,0:39:50,,
2,4/10/19,2,D2_S2_output_F.mov,,14:48:45,BA_E,,,,,0:40:10,0:40:43,,
2,4/10/19,2,D2_S2_output_F.mov,,15:48:45,VA_B,,,,,0:40:35,0:41:54,,
2,4/10/19,2,D2_S2_output_F.mov,,16:48:45,BA_V,,,,,0:42:06,0:42:20,,
2,4/10/19,2,D2_S2_output_F.mov,,17:48:45,BA_V,,,,,0:42:50,0:43:14,,
2,4/10/19,2,D2_S2_output_F.mov,,18:48:45,VA_B,,,,,0:43:01,0:44:12,,
2,4/10/19,2,D2_S2_output_F.mov,,19:48:45,BA_E,,,,,0:43:14,0:43:24,,
2,4/10/19,2,D2_S2_output_F.mov,,20:48:45,BA_E,,,,,0:43:29,0:43:35,,
2,4/10/19,2,D2_S2_output_F.mov,,21:48:45,VA_B,,,,,0:44:40,0:45:25,parrots are my favourite,
2,4/10/19,2,D2_S2_output_F.mov,,22:48:45,BA_V,,,,,0:44:44,0:45:30,,
2,4/10/19,2,D2_S2_output_F.mov,,23:48:45,BA_E,,,,,0:45:50,0:46:10,,