,Day,Session,Date/Time Start,Duration of Video,Activity,Event or behavior?,Visitors?,Music?,Time Start,Time End,Exact Date/Time Start,Exact Date/Time End,Unnamed: 12,Start,End
0,1,2,,,B,Event,YES,NO,0:36,0:37,,,,00:00:36,00:00:37
1,1,2,,,B,Event,YES,NO,0:38,0:40,,,,00:00:38,00:00:40
2,1,2,,,M,Event,YES,NO,0:41,0:43,,,,00:00:41,00:00:43
3,1,2,,,M,Event,YES,NO,0:44,0:47,,,,00:00:44,00:00:47
4,1,2,,,B,Event,YES,NO,0:47,0:49,,,,00:00:47,00:00:49
5,1,2,,,M,Event,YES,NO,0:54,1:00,,,,00:00:54,00:01:00
6,1,2,,,B,Event,YES,NO,1:00,1:01,,,,00:01:00,00:01:01
7,1,2,,,L,Behavior,YES,NO,1:09,1:32,,,,00:01:09,00:01:32
8,1,2,,,U,Music,YES,YES,11:08,12:00,,,,00:11:08,00:12:00
9,1,2,,,M,Event,YES,YES,11:37,11:40,,,,00:11:37,00:11:40
10,1,2,,,B,Event,YES,YES,12:02,12:03,,,,00:12:02,00:12:03
11,1,2,,,U,Music,YES,YES,12:03,12:45,,,,00:12:03,00:12:45
12,1,2,,,B,Event,YES,YES,12:12,12:16,,,,00:12:12,00:12:16
13,1,2,,,B,Event,YES,YES,12:18,12:22,,,,00:12:18,00:12:22
14,1,2,,,B,Event,YES,YES,12:30,12:32,,,,00:12:30,00:12:32
15,1,2,,,H,Event,YES,YES,12:31,12:33,,,,00:12:31,00:12:33
16,1,2,,,B,Event,YES,NO,12:45,12:46,,,,00:12:45,00:12:46
17,1,2,,,U,Music,YES,YES,12:48,12:59,,,,00:12:48,00:12:59
18,1,2,,,V,Event,YES,YES,12:50,12:51,,,,00:12:50,00:12:51
19,1,2,,,H,Event,YES,YES,12:57,12:58,,,,00:12:57,00:12:58
20,1,2,,,H,Event,YES,YES,12:59,13:00,,,,00:12:59,00:13:00
21,1,2,,,U,Music,YES,YES,13:01,13:02,,,,00:13:01,00:13:02
22,1,2,,,B,Event,YES,NO,13:09,13:29,,,,00:13:09,00:13:29
23,1,2,,,B,Event,YES,NO,13:36,13:44,,,,00:13:36,00:13:44
24,1,2,,,M,Event,YES,NO,13:46,13:48,,,,00:13:46,00:13:48
25,1,2,,,B,Event,YES,NO,13:49,13:52,,,,00:13:49,00:13:52
26,1,2,,,L,Behavior,YES,NO,13:52,13:53,,,,00:13:52,00:13:53
27,1,2,,,L,Behavior,YES,NO,13:54,13:55,,,,00:13:54,00:13:55
28,1,2,,,B,Event,YES,NO,13:56,14:00,,,,00:13:56,00:14:00
29,1,2,,,B,Event,YES,NO,14:01,14:06,,,,00:14:01,00:14:06
30,1,2,,,B,Event,YES,NO,14:10,14:12,,,,00:14:10,00:14:12
31,1,2,,,B,Event,YES,NO,14:14,14:15,,,,00:14:14,00:14:15
32,1,2,,,B,Event,YES,NO,14:21,14:25,,,,00:14:21,00:14:25
33,1,2,,,B,Event,YES,NO,14:34,14:34,,,,00:14:34,00:14:34
34,1,2,,,M,Event,YES,NO,14:35,14:38,,,,00:14:35,00:14:38
35,1,2,,,B,Event,YES,NO,14:39,14:41,,,,00:14:39,00:14:41
36,1,2,,,B,Event,YES,NO,14:43,14:47,,,,00:14:43,00:14:47
37,1,2,,,B,Event,YES,NO,14:48,14:51,,,,00:14:48,00:14:51
38,1,2,,,B,Event,YES,NO,14:52,15:02,,,,00:14:52,00:15:02
39,1,2,,,M,Event,YES,NO,15:06,15:09,,,,00:15:06,00:15:09
40,1,2,,,U,Music,YES,YES,15:44,16:00,,,,00:15:44,00:16:00
41,1,2,,,P,Behavior,YES,YES,15:49,15:50,,,,00:15:49,00:15:50
42,1,2,,,L,Behavior,YES,YES,15:51,16:30,,,,00:15:51,00:16:30
43,1,2,,,S,Behavior,YES,NO,16:36,16:43,,,,00:16:36,00:16:43
44,1,2,,,M,Event,YES,NO,17:04,17:05,,,,00:17:04,00:17:05
45,1,2,,,M,Event,YES,NO,17:06,17:09,,,,00:17:06,00:17:09
46,1,2,,,B,Event,YES,NO,17:08,17:09,,,,00:17:08,00:17:09
47,1,2,,,V,Event,YES,NO,17:10,17:10,,,,00:17:10,00:17:10
48,1,2,,,U,Music,YES,YES,17:11,19:23,,,,00:17:11,00:19:23
49,1,2,,,B,Event,YES,YES,17:43,17:47,,,,00:17:43,00:17:47
50,1,2,,,H,Event,YES,YES,17:53,17:56,,,,00:17:53,00:17:56
51,1,2,,,H,Event,YES,YES,17:57,17:59,,,,00:17:57,00:17:59
52,1,2,,,H,Event,YES,YES,18:00,18:02,,,,00:18:00,00:18:02
53,1,2,,,H,Event,YES,YES,18:03,18:06,,,,00:18:03,00:18:06
54,1,2,,,H,Event,YES,YES,18:09,18:10,,,,00:18:09,00:18:10
55,1,2,,,H,Event,YES,YES,18:13,18:14,,,,00:18:13,00:18:14
56,1,2,,,H,Event,YES,YES,18:17,18:19,,,,00:18:17,00:18:19
57,1,2,,,B,Event,YES,YES,18:22,18:24,,,,00:18:22,00:18:24
58,1,2,,,B,Event,YES,YES,18:33,18:34,,,,00:18:33,00:18:34
59,1,2,,,B,Event,YES,YES,18:36,18:38,,,,00:18:36,00:18:38
60,1,2,,,H,Event,YES,YES,18:39,18:39,,,,00:18:39,00:18:39
61,1,2,,,V,Event,YES,YES,18:39,18:40,,,,00:18:39,00:18:40
62,1,2,,,L,Behavior,YES,YES,18:45,18:56,,,,00:18:45,00:18:56
63,1,2,,,H,Event,YES,YES,18:55,18:57,,,,00:18:55,00:18:57
64,1,2,,,H,Event,YES,YES,18:58,19:01,,,,00:18:58,00:19:01
65,1,2,,,H,Event,YES,YES,19:05,19:07,,,,00:19:05,00:19:07
66,1,2,,,H,Event,YES,YES,19:10,19:10,,,,00:19:10,00:19:10
67,1,2,,,L,Behavior,YES,NO,19:24,19:26,,,,00:19:24,00:19:26
68,1,2,,,N,Event,YES,NO,19:26,19:27,,,,00:19:26,00:19:27
69,1,2,,,L,Behavior,YES,NO,19:39,20:01,,,,00:19:39,00:20:01
70,1,2,,,V,Event,YES,NO,20:01,20:01,,,,00:20:01,00:20:01
71,1,2,,,P,Behavior,YES,NO,20:22,20:23,,,,00:20:22,00:20:23
72,1,2,,,S,Behavior,YES,NO,20:28,20:30,,,,00:20:28,00:20:30
73,1,2,,,P,Behavior,YES,NO,20:35,20:40,,,,00:20:35,00:20:40
74,1,2,,,P,Behavior,YES,NO,20:47,20:47,,,,00:20:47,00:20:47
75,1,3,,,U,Music,YES,YES,0:33,1:08,,,,00:00:33,00:01:08
76,1,3,,,B,Event,YES,YES,0:40,0:44,,,,00:00:40,00:00:44
77,1,3,,,L,Behavior,YES,YES,0:46,0:51,,,,00:00:46,00:00:51
78,1,3,,,B,Event,YES,YES,0:51,0:54,,,,00:00:51,00:00:54
79,1,3,,,L,Behavior,YES,YES,0:56,1:21,,,,00:00:56,00:01:21
80,1,3,,,V,Event,YES,NO,1:21,1:21,,,,00:01:21,00:01:21
81,1,3,,,U,Music,YES,YES,1:25,1:43,,,,00:01:25,00:01:43
82,1,3,,,M,Event,YES,NO,2:35,2:38,,,,00:02:35,00:02:38
83,1,3,,,L,Behavior,YES,NO,2:39,2:40,,,,00:02:39,00:02:40
84,1,3,,,S,Behavior,YES,NO,2:41,2:47,,,,00:02:41,00:02:47
85,1,3,,,P,Behavior,YES,NO,5:10,5:13,,,,00:05:10,00:05:13
86,1,3,,,L,Behavior,YES,NO,5:20,5:25,,,,00:05:20,00:05:25
87,1,3,,,S,Behavior,YES,NO,5:24,5:31,,,,00:05:24,00:05:31
88,1,3,,,FP,Behavior,YES,NO,6:19,6:26,,,,00:06:19,00:06:26
89,1,3,,,M,Event,YES,NO,6:28,6:31,,,,00:06:28,00:06:31
90,1,3,,,L,Behavior,YES,NO,6:33,6:58,,,,00:06:33,00:06:58
91,1,3,,,M,Event,YES,NO,6:59,7:02,,,,00:06:59,00:07:02
92,1,3,,,M,Event,YES,NO,7:22,7:23,,,,00:07:22,00:07:23
93,1,3,,,FP,Behavior,YES,NO,7:26,7:26,,,,00:07:26,00:07:26
94,1,3,,,U,Music,YES,YES,7:26,7:41,,,,00:07:26,00:07:41
95,1,3,,,FP,Behavior,YES,YES,7:29,7:29,,,,00:07:29,00:07:29
96,1,3,,,U,Music,YES,YES,7:55,8:14,,,,00:07:55,00:08:14
97,1,3,,,U,Music,YES,YES,8:24,8:41,,,,00:08:24,00:08:41
98,1,3,,,U,Music,YES,YES,9:11,9:20,,,,00:09:11,00:09:20
99,1,3,,,V,Event,YES,YES,9:15,9:16,,,,00:09:15,00:09:16
100,1,3,,,V,Event,YES,YES,9:18,9:18,,,,00:09:18,00:09:18
101,1,3,,,U,Music,YES,YES,9:34,9:49,,,,00:09:34,00:09:49
102,2,2,,,L,BEHAVIOR,YES,NO,0:06:00,0:24:00,,,,00:06:00,00:24:00
103,2,2,,,P,BEHAVIOR,YES,NO,0:26:00,0:27:00,,,,00:26:00,00:27:00
104,2,2,,,L,BEHAVIOR,YES,NO,0:31:00,0:34:00,,,,00:31:00,00:34:00
105,2,2,,,V,EVENT,YES,NO,0:48:00,0:49:00,,,,00:48:00,00:49:00
106,2,2,,,P,BEHAVIOR,YES,NO,1:05:00,1:07:00,,,,00:05:00,00:07:00
107,2,2,,,V,EVENT,YES,NO,2:09:00,2:10:00,,,,00:09:00,00:10:00
108,2,2,,,V,EVENT,YES,NO,3:08:00,3:09:00,,,,00:08:00,00:09:00
109,2,2,,,P,BEHAVIOR,YES,NO,5:16:00,5:30:00,,,,00:16:00,00:30:00
110,2,2,,,P,BEHAVIOR,YES,NO,5:31:00,5:42:00,,,,00:31:00,00:42:00
111,2,2,,,M,EVENT,YES,NO,5:44:00,5:54:00,,,,00:44:00,00:54:00
112,2,2,,,NB,BEHAVIOR,YES,NO,5:54:00,5:58:00,,,,00:54:00,00:58:00
113,2,2,,,NB,BEHAVIOR,YES,NO,6:01:00,6:07:00,,,,00:01:00,00:07:00
114,2,2,,,L,BEHAVIOR,YES,NO,6:08:00,6:10:00,,,,00:08:00,00:10:00
115,2,2,,,NB,BEHAVIOR,YES,NO,6:11:00,6:12:00,,,,00:11:00,00:12:00
116,2,2,,,NB,BEHAVIOR,YES,NO,6:13:00,6:16:00,,,,00:13:00,00:16:00
117,2,2,,,NB,BEHAVIOR,YES,NO,6:18:00,6:23:00,,,,00:18:00,00:23:00
118,2,2,,,L,BEHAVIOR,YES,NO,6:25:00,6:28:00,,,,00:25:00,00:28:00
119,2,2,,,NB,BEHAVIOR,YES,NO,6:28:00,6:34:00,,,,00:28:00,00:34:00
120,2,2,,,NB,BEHAVIOR,YES,NO,6:36:00,6:45:00,,,,00:36:00,00:45:00
121,2,2,,,NB,BEHAVIOR,YES,NO,6:47:00,6:55:00,,,,00:47:00,00:55:00
122,2,2,,,P,BEHAVIOR,YES,NO,6:58:00,7:13:00,,,,00:58:00,00:13:00
123,2,2,,,P,BEHAVIOR,YES,NO,7:13:00,7:21:00,,,,00:13:00,00:21:00
124,2,2,,,NB,BEHAVIOR,YES,NO,7:24:00,7:27:00,,,,00:24:00,00:27:00
125,2,2,,,P,BEHAVIOR,YES,NO,7:28:00,7:41:00,,,,00:28:00,00:41:00
126,2,2,,,NB,BEHAVIOR,YES,NO,7:42:00,7:46:00,,,,00:42:00,00:46:00
127,2,2,,,P,BEHAVIOR,YES,NO,7:47:00,7:55:00,,,,00:47:00,00:55:00
128,2,2,,,NB,BEHAVIOR,YES,NO,7:55:00,8:01:00,,,,00:55:00,00:01:00
129,2,2,,,E,BEHAVIOR,YES,NO,8:02:00,8:22:00,,,,00:02:00,00:22:00
130,2,2,,,NB,BEHAVIOR,YES,NO,8:29:00,8:52:00,,,,00:29:00,00:52:00
131,2,2,,,NB,BEHAVIOR,YES,NO,8:52:00,9:10:00,,,,00:52:00,00:10:00
132,2,2,,,M,EVENT,YES,NO,9:12:00,9:21:00,,,,00:12:00,00:21:00
133,2,2,,,NB,BEHAVIOR,YES,NO,9:24:00,9:25:00,,,,00:24:00,00:25:00
134,2,2,,,L,BEHAVIOR,YES,NO,9:27:00,9:35:00,,,,00:27:00,00:35:00
135,2,2,,,L,BEHAVIOR,YES,NO,9:40:00,9:43:00,,,,00:40:00,00:43:00
136,2,2,,,B,EVENT,YES,NO,9:44:00,9:45:00,,,,00:44:00,00:45:00
137,2,2,,,B,EVENT,YES,YES,9:46:00,9:49:00,,,,00:46:00,00:49:00
138,2,2,,,U,MUSIC,YES,YES,9:46:00,10:31:00,,,,00:46:00,00:10:31
139,2,2,,,B,EVENT,YES,YES,9:57:00,10:00:00,,,,00:57:00,00:10:00
140,2,2,,,H,EVENT,YES,YES,10:01:00,10:03:00,,,,00:10:01,00:10:03
141,2,2,,,H,EVENT,YES,YES,10:06:00,10:07:00,,,,00:10:06,00:10:07
142,2,2,,,H,EVENT,YES,YES,10:08:00,10:10:00,,,,00:10:08,00:10:10
143,2,2,,,H,EVENT,YES,YES,10:12:00,10:13:00,,,,00:10:12,00:10:13
144,2,2,,,M,EVENT,YES,YES,10:19:00,10:20:00,,,,00:10:19,00:10:20
145,2,2,,,L,BEHAVIOR,YES,YES,10:21:00,10:34:00,,,,00:10:21,00:10:34
146,2,2,,,L,BEHAVIOR,YES,NO,10:35:00,11:03:00,,,,00:10:35,00:11:03
147,2,2,,,V,EVENT,YES,NO,11:02:00,11:03:00,,,,00:11:02,00:11:03
148,2,2,,,L,BEHAVIOR,YES,NO,11:05:00,11:06:00,,,,00:11:05,00:11:06
149,2,2,,,M,EVENT,YES,NO,11:07:00,11:11:00,,,,00:11:07,00:11:11
150,2,2,,,L,BEHAVIOR,YES,NO,11:12:00,12:31:00,,,,00:11:12,00:12:31
151,2,2,,,V,EVENT,YES,NO,12:31:00,12:32:00,,,,00:12:31,00:12:32
152,2,2,,,FP,BEHAVIOR,YES,NO,12:36:00,12:37:00,,,,00:12:36,00:12:37
153,2,2,,,M,EVENT,YES,NO,13:55:00,14:10:00,,,,00:13:55,00:14:10
154,2,2,,,M,EVENT,YES,NO,14:12:00,14:16:00,,,,00:14:12,00:14:16
155,2,2,,,L,BEHAVIOR,YES,NO,14:16:00,14:27:00,,,,00:14:16,00:14:27
156,2,2,,,M,EVENT,YES,NO,14:28:00,14:32:00,,,,00:14:28,00:14:32
157,2,2,,,E,BEHAVIOR,YES,NO,14:32:00,14:52:00,,,,00:14:32,00:14:52
158,2,2,,,M,EVENT,YES,NO,14:52:00,14:54:00,,,,00:14:52,00:14:54
159,2,2,,,L,BEHAVIOR,YES,NO,14:54:00,15:53:00,,,,00:14:54,00:15:53
160,2,2,,,E,BEHAVIOR,YES,NO,15:54:00,16:22:00,,,,00:15:54,00:16:22
161,2,2,,,M,EVENT,YES,NO,16:26:00,16:30:00,,,,00:16:26,00:16:30
162,2,2,,,L,BEHAVIOR,YES,NO,16:30:00,16:31:00,,,,00:16:30,00:16:31
163,2,2,,,L,BEHAVIOR,YES,NO,16:49:00,17:15:00,,,,00:16:49,00:17:15
164,2,2,,,H,EVENT,YES,NO,17:15:00,17:16:00,,,,00:17:15,00:17:16
165,2,2,,,U,MUSIC,YES,YES,17:17:00,19:52:00,,,,00:17:17,00:19:52
166,2,2,,,L,BEHAVIOR,YES,YES,17:18:00,17:25:00,,,,00:17:18,00:17:25
167,2,2,,,B,EVENT,YES,YES,17:25:00,17:27:00,,,,00:17:25,00:17:27
168,2,2,,,L,BEHAVIOR,YES,YES,17:28:00,17:45:00,,,,00:17:28,00:17:45
169,2,2,,,B,EVENT,YES,YES,17:45:00,17:48:00,,,,00:17:45,00:17:48
170,2,2,,,B,EVENT,YES,YES,17:50:00,17:51:00,,,,00:17:50,00:17:51
171,2,2,,,V,EVENT,YES,YES,17:54:00,17:55:00,,,,00:17:54,00:17:55
172,2,2,,,B,EVENT,YES,YES,17:56:00,17:58:00,,,,00:17:56,00:17:58
173,2,2,,,H,EVENT,YES,YES,18:01:00,18:02:00,,,,00:18:01,00:18:02
174,2,2,,,L,BEHAVIOR,YES,YES,18:07:00,18:10:00,,,,00:18:07,00:18:10
175,2,2,,,B,EVENT,YES,YES,18:10:00,18:13:00,,,,00:18:10,00:18:13
176,2,2,,,H,EVENT,YES,YES,18:14:00,18:18:00,,,,00:18:14,00:18:18
177,2,2,,,L,BEHAVIOR,YES,YES,18:18:00,18:20:00,,,,00:18:18,00:18:20
178,2,2,,,H,EVENT,YES,YES,18:21:00,18:24:00,,,,00:18:21,00:18:24
179,2,2,,,B,EVENT,YES,YES,18:28:00,18:30:00,,,,00:18:28,00:18:30
180,2,2,,,B,EVENT,YES,YES,18:34:00,18:36:00,,,,00:18:34,00:18:36
181,2,2,,,H,EVENT,YES,YES,18:39:00,18:40:00,,,,00:18:39,00:18:40
182,2,2,,,H,EVENT,YES,YES,18:44:00,18:48:00,,,,00:18:44,00:18:48
183,2,2,,,B,EVENT,YES,YES,18:49:00,18:51:00,,,,00:18:49,00:18:51
184,2,2,,,H,EVENT,YES,YES,18:53:00,18:53:00,,,,00:18:53,00:18:53
185,2,2,,,B,EVENT,YES,YES,18:56:00,18:58:00,,,,00:18:56,00:18:58
186,2,2,,,H,EVENT,YES,YES,19:00:00,19:01:00,,,,00:19:00,00:19:01
187,2,2,,,B,EVENT,YES,YES,19:05:00,19:11:00,,,,00:19:05,00:19:11
188,2,2,,,M,EVENT,YES,YES,19:13:00,19:17:00,,,,00:19:13,00:19:17
189,2,2,,,B,EVENT,YES,YES,19:18:00,19:22:00,,,,00:19:18,00:19:22
190,2,2,,,M,EVENT,YES,YES,19:22:00,19:26:00,,,,00:19:22,00:19:26
191,2,2,,,B,EVENT,YES,YES,19:27:00,19:30:00,,,,00:19:27,00:19:30
192,2,2,,,M,EVENT,YES,YES,19:33:00,19:38:00,,,,00:19:33,00:19:38
193,2,2,,,B,EVENT,YES,YES,19:39:00,19:41:00,,,,00:19:39,00:19:41
194,2,2,,,B,EVENT,YES,YES,19:44:00,19:45:00,,,,00:19:44,00:19:45
195,2,2,,,E,BEHAVIOR,YES,YES,19:50:00,20:03:00,,,,00:19:50,00:20:03
196,2,2,,,B,EVENT,YES,NO,20:03:00,20:05:00,,,,00:20:03,00:20:05
197,2,2,,,E,BEHAVIOR,YES,YES,20:06:00,20:36:00,,,,00:20:06,00:20:36
198,2,2,,,U,MUSIC,YES,YES,20:24:00,20:41:00,,,,00:20:24,00:20:41
199,2,2,,,E,BEHAVIOR,YES,NO,20:41:00,21:08:00,,,,00:20:41,00:21:08
200,2,2,,,B,EVENT,YES,NO,21:10:00,21:18:00,,,,00:21:10,00:21:18
201,2,2,,,U,MUSIC,YES,YES,21:13:00,21:52:00,,,,00:21:13,00:21:52
202,2,2,,,B,EVENT,YES,YES,21:22:00,21:25:00,,,,00:21:22,00:21:25
203,2,2,,,NB,BEHAVIOR,YES,YES,21:26:00,21:34:00,,,,00:21:26,00:21:34
204,2,2,,,B,EVENT,YES,YES,21:34:00,21:37:00,,,,00:21:34,00:21:37
205,2,2,,,B,EVENT,YES,YES,21:38:00,21:40:00,,,,00:21:38,00:21:40
206,2,2,,,L,BEHAVIOR,YES,YES,21:41:00,21:52:00,,,,00:21:41,00:21:52
207,2,2,,,NB,BEHAVIOR,YES,NO,21:53:00,21:57:00,,,,00:21:53,00:21:57
208,2,2,,,M,EVENT,YES,NO,21:58:00,22:01:00,,,,00:21:58,00:22:01
209,2,2,,,B,EVENT,YES,NO,22:02:00,22:03:00,,,,00:22:02,00:22:03
210,2,2,,,U,MUSIC,YES,YES,22:04:00,22:30:00,,,,00:22:04,00:22:30
211,2,2,,,NB,BEHAVIOR,YES,YES,22:05:00,22:10:00,,,,00:22:05,00:22:10
212,2,2,,,H,EVENT,YES,YES,22:14:00,22:14:00,,,,00:22:14,00:22:14
213,2,2,,,H,EVENT,YES,YES,22:17:00,22:18:00,,,,00:22:17,00:22:18
214,2,2,,,H,EVENT,YES,YES,22:21:00,22:22:00,,,,00:22:21,00:22:22
215,2,2,,,H,EVENT,YES,YES,22:22:00,22:25:00,,,,00:22:22,00:22:25
216,2,2,,,NB,BEHAVIOR,YES,NO,22:55:00,22:58:00,,,,00:22:55,00:22:58
217,2,2,,,L,BEHAVIOR,YES,NO,23:00:00,23:45:00,,,,00:23:00,00:23:45
218,2,2,,,L,BEHAVIOR,YES,NO,23:52:00,23:58:00,,,,00:23:52,00:23:58
219,2,2,,,M,EVENT,YES,NO,23:59:00,24:04:00,,,,00:23:59,00:24:04
220,2,2,,,FP,BEHAVIOR,YES,NO,24:06:00,24:07:00,,,,00:24:06,00:24:07
221,2,2,,,L,BEHAVIOR,YES,NO,24:08:00,24:39:00,,,,00:24:08,00:24:39
222,2,2,,,P,BEHAVIOR,YES,NO,24:40:00,24:49:00,,,,00:24:40,00:24:49
223,2,2,,,V,EVENT,YES,NO,24:52:00,24:54:00,,,,00:24:52,00:24:54
224,2,2,,,L,BEHAVIOR,YES,NO,24:55:00,25:41:00,,,,00:24:55,00:25:41
225,2,2,,,M,EVENT,YES,NO,25:46:00,25:53:00,,,,00:25:46,00:25:53
226,2,2,,,L,BEHAVIOR,YES,NO,25:54:00,27:30:00,,,,00:25:54,00:27:30
227,2,2,,,H,EVENT,YES,NO,27:31:00,27:32:00,,,,00:27:31,00:27:32
228,2,2,,,P,BEHAVIOR,YES,NO,27:34:00,27:35:00,,,,00:27:34,00:27:35
229,2,2,,,L,BEHAVIOR,YES,NO,27:37:00,28:15:00,,,,00:27:37,00:28:15
230,2,2,,,M,EVENT,YES,NO,28:16:00,28:29:00,,,,00:28:16,00:28:29
231,2,2,,,NB,BEHAVIOR,YES,NO,28:30:00,28:32:00,,,,00:28:30,00:28:32
232,2,2,,,M,EVENT,YES,NO,28:33:00,28:38:00,,,,00:28:33,00:28:38
233,2,2,,,E,BEHAVIOR,YES,NO,28:39:00,29:56:00,,,,00:28:39,00:29:56
234,2,2,,,M,EVENT,YES,NO,30:00:00,30:03:00,,,,00:30:00,00:30:03
235,2,2,,,M,EVENT,YES,NO,30:06:00,30:21:00,,,,00:30:06,00:30:21
236,2,2,,,E,BEHAVIOR,YES,NO,30:21:00,31:29:00,,,,00:30:21,00:31:29
237,2,2,,,NB,BEHAVIOR,YES,NO,31:36:00,31:38:00,,,,00:31:36,00:31:38
238,2,2,,,NB,BEHAVIOR,YES,NO,31:46:00,31:59:00,,,,00:31:46,00:31:59
239,2,2,,,M,EVENT,YES,NO,32:07:00,32:08:00,,,,00:32:07,00:32:08
240,2,2,,,NB,BEHAVIOR,YES,NO,32:09:00,32:14:00,,,,00:32:09,00:32:14
241,2,2,,,M,EVENT,YES,NO,32:14:00,32:20:00,,,,00:32:14,00:32:20
242,2,2,,,L,BEHAVIOR,YES,NO,32:20:00,32:48:00,,,,00:32:20,00:32:48
243,2,2,,,L,BEHAVIOR,YES,NO,32:52:00,33:01:00,,,,00:32:52,00:33:01
244,2,2,,,U,MUSIC,YES,YES,32:53:00,33:15:00,,,,00:32:53,00:33:15
245,2,2,,,L,BEHAVIOR,YES,YES,33:09:00,33:12:00,,,,00:33:09,00:33:12
246,2,2,,,L,BEHAVIOR,YES,NO,33:20:00,33:28:00,,,,00:33:20,00:33:28
247,2,2,,,L,BEHAVIOR,YES,NO,33:31:00,33:37:00,,,,00:33:31,00:33:37
248,2,2,,,B,EVENT,YES,NO,33:38:00,33:40:00,,,,00:33:38,00:33:40
249,2,2,,,U,MUSIC,YES,YES,33:41:00,34:33:00,,,,00:33:41,00:34:33
250,2,2,,,L,BEHAVIOR,YES,YES,33:43:00,33:50:00,,,,00:33:43,00:33:50
251,2,2,,,B,EVENT,YES,YES,33:53:00,33:57:00,,,,00:33:53,00:33:57
252,2,2,,,B,EVENT,YES,YES,33:57:00,33:59:00,,,,00:33:57,00:33:59
253,2,2,,,L,BEHAVIOR,YES,YES,34:01:00,34:03:00,,,,00:34:01,00:34:03
254,2,2,,,H,EVENT,YES,YES,34:03:00,34:04:00,,,,00:34:03,00:34:04
255,2,2,,,H,EVENT,YES,YES,34:13:00,34:14:00,,,,00:34:13,00:34:14
256,2,2,,,L,BEHAVIOR,YES,YES,34:15:00,34:18:00,,,,00:34:15,00:34:18
257,2,2,,,H,EVENT,YES,YES,34:18:00,34:20:00,,,,00:34:18,00:34:20
258,2,2,,,V,EVENT,YES,YES,34:23:00,34:24:00,,,,00:34:23,00:34:24
259,2,2,,,L,BEHAVIOR,YES,YES,34:25:00,34:32:00,,,,00:34:25,00:34:32
260,2,2,,,M,EVENT,YES,YES,34:48:00,34:54:00,,,,00:34:48,00:34:54
261,2,2,,,V,EVENT,YES,NO,34:55:00,34:56:00,,,,00:34:55,00:34:56
262,2,2,,,FP,BEHAVIOR,YES,NO,35:09:00,35:10:00,,,,00:35:09,00:35:10
263,2,2,,,P,BEHAVIOR,YES,NO,37:59:00,38:08:00,,,,00:37:59,00:38:08
264,2,2,,,M,EVENT,YES,NO,38:09:00,38:15:00,,,,00:38:09,00:38:15
265,2,2,,,L,BEHAVIOR,YES,NO,38:16:00,38:17:00,,,,00:38:16,00:38:17
266,2,2,,,M,EVENT,YES,NO,38:22:00,38:26:00,,,,00:38:22,00:38:26
267,2,2,,,U,MUSIC,YES,YES,38:25:00,38:43:00,,,,00:38:25,00:38:43
268,2,2,,,V,EVENT,YES,YES,38:33:00,38:34:00,,,,00:38:33,00:38:34
269,2,2,,,L,BEHAVIOR,YES,YES,38:35:00,39:19:00,,,,00:38:35,00:39:19
270,2,2,,,FP,BEHAVIOR,YES,NO,39:22:00,39:23:00,,,,00:39:22,00:39:23
271,2,2,,,M,EVENT,YES,NO,39:34:00,39:40:00,,,,00:39:34,00:39:40
272,2,2,,,L,BEHAVIOR,YES,YES,39:41:00,39:59:00,,,,00:39:41,00:39:59
273,2,2,,,U,MUSIC,YES,YES,39:42:00,40:01:00,,,,00:39:42,00:40:01
274,2,2,,,B,EVENT,YES,NO,42:57:00,43:01:00,,,,00:42:57,00:43:01
275,2,2,,,B,EVENT,YES,NO,43:05:00,43:08:00,,,,00:43:05,00:43:08
276,2,2,,,U,MUSIC,YES,YES,43:06:00,43:48:00,,,,00:43:06,00:43:48
277,2,2,,,B,EVENT,YES,YES,43:11:00,43:17:00,,,,00:43:11,00:43:17
278,2,2,,,B,EVENT,YES,YES,43:29:00,43:31:00,,,,00:43:29,00:43:31
279,2,2,,,M,EVENT,YES,NO,44:28:00,44:41:00,,,,00:44:28,00:44:41
280,2,2,,,L,BEHAVIOR,YES,NO,44:47:00,45:55:00,,,,00:44:47,00:45:55
281,2,2,,,L,BEHAVIOR,YES,NO,46:01:00,47:20:00,,,,00:46:01,00:47:20
282,2,2,,,L,BEHAVIOR,YES,NO,47:22:00,48:45:00,,,,00:47:22,00:48:45
283,2,3,,,L,BEHAVIOR,YES,NO,0:01:00,2:25:00,,,,00:01:00,00:25:00
284,2,3,,,L,BEHAVIOR,YES,NO,2:28:00,2:46:00,,,,00:28:00,00:46:00
285,2,3,,,U,MUSIC,YES,YES,2:49:00,3:01:00,,,,00:49:00,00:01:00
286,2,3,,,P,BEHAVIOR,YES,NO,3:23:00,3:29:00,,,,00:23:00,00:29:00
287,2,3,,,U,MUSIC,YES,YES,3:33:00,3:45:00,,,,00:33:00,00:45:00
288,2,3,,,L,BEHAVIOR,YES,YES,3:34:00,3:49:00,,,,00:34:00,00:49:00
289,2,3,,,FP,BEHAVIOR,YES,NO,3:51:00,3:52:00,,,,00:51:00,00:52:00
290,2,3,,,L,BEHAVIOR,YES,NO,3:54:00,4:39:00,,,,00:54:00,00:39:00
291,2,3,,,N,EVENT,YES,NO,4:39:00,4:40:00,,,,00:39:00,00:40:00
292,2,3,,,U,MUSIC,YES,YES,4:40:00,4:58:00,,,,00:40:00,00:58:00
293,2,3,,,L,BEHAVIOR,YES,YES,4:41:00,4:45:00,,,,00:41:00,00:45:00
294,2,3,,,L,BEHAVIOR,YES,NO,5:04:00,6:28:00,,,,00:04:00,00:28:00
295,2,3,,,P,BEHAVIOR,YES,NO,6:28:00,6:36:00,,,,00:28:00,00:36:00
296,2,3,,,V,EVENT,YES,NO,6:36:00,6:37:00,,,,00:36:00,00:37:00
297,2,3,,,U,MUSIC,YES,YES,6:37:00,6:51:00,,,,00:37:00,00:51:00
298,2,3,,,L,BEHAVIOR,YES,YES,6:38:00,8:50:00,,,,00:38:00,00:50:00
299,2,3,,,B,EVENT,YES,NO,9:48:00,9:49:00,,,,00:48:00,00:49:00
300,2,3,,,U,MUSIC,YES,YES,9:50:00,10:03:00,,,,00:50:00,00:10:03
301,2,3,,,N,EVENT,YES,NO,10:52:00,10:53:00,,,,00:10:52,00:10:53
302,2,3,,,U,MUSIC,YES,YES,10:55:00,11:18:00,,,,00:10:55,00:11:18
303,2,3,,,M,EVENT,YES,YES,11:00:00,11:03:00,,,,00:11:00,00:11:03
304,2,3,,,FP,BEHAVIOR,YES,YES,11:06:00,11:08:00,,,,00:11:06,00:11:08
305,2,3,,,L,BEHAVIOR,YES,YES,11:09:00,12:01:00,,,,00:11:09,00:12:01
306,2,3,,,P,BEHAVIOR,YES,NO,12:02:00,12:05:00,,,,00:12:02,00:12:05
307,2,3,,,L,BEHAVIOR,YES,NO,12:06:00,12:43:00,,,,00:12:06,00:12:43
308,2,3,,,L,BEHAVIOR,YES,NO,12:45:00,12:59:00,,,,00:12:45,00:12:59
309,2,3,,,M,EVENT,YES,NO,12:59:00,13:00:00,,,,00:12:59,00:13:00
310,2,3,,,L,BEHAVIOR,YES,NO,13:01:00,13:31:00,,,,00:13:01,00:13:31
311,2,3,,,M,EVENT,YES,NO,13:31:00,13:37:00,,,,00:13:31,00:13:37
312,2,3,,,NB,BEHAVIOR,YES,NO,13:40:00,13:43:00,,,,00:13:40,00:13:43
313,2,3,,,M,EVENT,YES,NO,13:44:00,13:48:00,,,,00:13:44,00:13:48
314,2,3,,,B,EVENT,YES,NO,13:49:00,13:49:00,,,,00:13:49,00:13:49
315,2,3,,,U,MUSIC,YES,YES,13:51:00,14:23:00,,,,00:13:51,00:14:23
316,2,3,,,H,EVENT,YES,YES,13:51:00,13:52:00,,,,00:13:51,00:13:52
317,2,3,,,H,EVENT,YES,YES,13:53:00,13:58:00,,,,00:13:53,00:13:58
318,2,3,,,B,EVENT,YES,YES,14:07:00,14:08:00,,,,00:14:07,00:14:08
319,2,3,,,N,EVENT,YES,YES,14:11:00,14:12:00,,,,00:14:11,00:14:12
320,2,3,,,V,EVENT,YES,NO,15:43:00,15:44:00,,,,00:15:43,00:15:44
321,2,3,,,M,EVENT,YES,NO,16:44:00,16:50:00,,,,00:16:44,00:16:50
322,2,3,,,L,BEHAVIOR,YES,NO,16:52:00,16:54:00,,,,00:16:52,00:16:54
323,2,3,,,L,BEHAVIOR,YES,NO,16:54:00,17:14:00,,,,00:16:54,00:17:14
324,2,3,,,FP,BEHAVIOR,YES,NO,16:55:00,16:57:00,,,,00:16:55,00:16:57
325,2,3,,,V,EVENT,YES,NO,17:15:00,17:16:00,,,,00:17:15,00:17:16
326,2,3,,,L,BEHAVIOR,YES,NO,17:16:00,19:39:00,,,,00:17:16,00:19:39
327,2,3,,,U,MUSIC,YES,YES,19:00:00,19:20:00,,,,00:19:00,00:19:20
328,2,3,,,V,EVENT,YES,YES,19:05:00,19:05:00,,,,00:19:05,00:19:05
329,2,3,,,V,EVENT,YES,YES,19:18:00,19:19:00,,,,00:19:18,00:19:19
330,2,3,,,V,EVENT,YES,NO,19:28:00,19:29:00,,,,00:19:28,00:19:29
331,2,3,,,M,EVENT,YES,NO,19:39:00,19:44:00,,,,00:19:39,00:19:44
332,2,3,,,L,BEHAVIOR,YES,NO,19:46:00,19:57:00,,,,00:19:46,00:19:57
333,2,3,,,V,EVENT,YES,NO,20:03:00,20:04:00,,,,00:20:03,00:20:04
334,2,3,,,V,EVENT,YES,NO,20:20:00,20:20:00,,,,00:20:20,00:20:20
335,2,3,,,V,EVENT,YES,NO,20:38:00,20:38:00,,,,00:20:38,00:20:38
336,2,3,,,V,EVENT,YES,NO,20:50:00,20:51:00,,,,00:20:50,00:20:51
337,2,3,,,M,EVENT,YES,NO,21:06:00,21:11:00,,,,00:21:06,00:21:11
338,2,3,,,M,EVENT,YES,NO,21:12:00,21:15:00,,,,00:21:12,00:21:15
339,2,3,,,L,BEHAVIOR,YES,NO,21:17:00,21:26:00,,,,00:21:17,00:21:26
340,2,3,,,FP,BEHAVIOR,YES,NO,21:27:00,21:28:00,,,,00:21:27,00:21:28
341,2,3,,,P,BEHAVIOR,YES,NO,21:30:00,21:35:00,,,,00:21:30,00:21:35
342,2,3,,,L,BEHAVIOR,YES,NO,21:36:00,21:50:00,,,,00:21:36,00:21:50
343,2,3,,,L,BEHAVIOR,YES,NO,21:52:00,22:50:00,,,,00:21:52,00:22:50
344,2,3,,,L,BEHAVIOR,YES,NO,22:52:00,24:01:00,,,,00:22:52,00:24:01
345,2,3,,,P,BEHAVIOR,YES,NO,24:01:00,24:04:00,,,,00:24:01,00:24:04
346,2,3,,,L,BEHAVIOR,YES,NO,24:05:00,24:07:00,,,,00:24:05,00:24:07
347,2,3,,,P,BEHAVIOR,YES,NO,24:07:00,24:11:00,,,,00:24:07,00:24:11
348,2,3,,,L,BEHAVIOR,YES,NO,24:11:00,24:14:00,,,,00:24:11,00:24:14
349,2,3,,,V,EVENT,YES,NO,24:17:00,24:17:00,,,,00:24:17,00:24:17
350,2,3,,,L,BEHAVIOR,YES,NO,24:17:00,25:01:00,,,,00:24:17,00:25:01
351,2,3,,,L,BEHAVIOR,YES,NO,25:24:00,26:26:00,,,,00:25:24,00:26:26
352,2,3,,,L,BEHAVIOR,YES,NO,26:27:00,26:56:00,,,,00:26:27,00:26:56
353,2,3,,,M,EVENT,YES,NO,26:57:00,27:02:00,,,,00:26:57,00:27:02
354,2,3,,,L,BEHAVIOR,YES,NO,27:04:00,27:10:00,,,,00:27:04,00:27:10
355,2,3,,,M,EVENT,YES,NO,27:10:00,27:14:00,,,,00:27:10,00:27:14
356,2,3,,,L,BEHAVIOR,YES,NO,27:14:00,27:33:00,,,,00:27:14,00:27:33
357,2,3,,,M,EVENT,YES,NO,27:33:00,27:35:00,,,,00:27:33,00:27:35
358,2,3,,,L,BEHAVIOR,YES,NO,27:36:00,27:49:00,,,,00:27:36,00:27:49
359,2,3,,,H,EVENT,YES,NO,27:49:00,27:51:00,,,,00:27:49,00:27:51
360,2,3,,,M,EVENT,YES,NO,27:51:00,27:54:00,,,,00:27:51,00:27:54
361,2,3,,,U,MUSIC,YES,YES,27:52:00,28:08:00,,,,00:27:52,00:28:08
362,2,3,,,H,EVENT,YES,YES,27:55:00,27:59:00,,,,00:27:55,00:27:59
363,2,3,,,M,EVENT,YES,NO,28:10:00,28:21:00,,,,00:28:10,00:28:21
364,2,3,,,M,EVENT,YES,NO,28:32:00,28:35:00,,,,00:28:32,00:28:35
365,2,3,,,L,BEHAVIOR,YES,NO,28:36:00,28:44:00,,,,00:28:36,00:28:44
366,2,3,,,H,EVENT,YES,NO,28:44:00,28:45:00,,,,00:28:44,00:28:45
367,2,3,,,U,MUSIC,YES,YES,28:47:00,29:02:00,,,,00:28:47,00:29:02
368,2,3,,,V,EVENT,YES,YES,28:50:00,28:51:00,,,,00:28:50,00:28:51
369,2,3,,,M,EVENT,YES,NO,29:06:00,29:11:00,,,,00:29:06,00:29:11
370,2,3,,,V,EVENT,YES,NO,29:13:00,29:14:00,,,,00:29:13,00:29:14
371,2,3,,,U,MUSIC,YES,YES,29:15:00,29:28:00,,,,00:29:15,00:29:28
372,2,3,,,H,EVENT,YES,YES,29:16:00,29:17:00,,,,00:29:16,00:29:17
373,2,3,,,L,BEHAVIOR,YES,YES,29:17:00,29:35:00,,,,00:29:17,00:29:35
374,2,3,,,L,BEHAVIOR,YES,NO,29:36:00,29:51:00,,,,00:29:36,00:29:51
375,2,3,,,M,EVENT,YES,NO,29:52:00,29:55:00,,,,00:29:52,00:29:55
376,2,3,,,L,BEHAVIOR,YES,NO,29:55:00,30:53:00,,,,00:29:55,00:30:53
377,2,3,,,V,EVENT,YES,NO,30:04:00,30:04:00,,,,00:30:04,00:30:04
378,2,3,,,V,EVENT,YES,NO,30:19:00,30:20:00,,,,00:30:19,00:30:20
379,2,3,,,V,EVENT,YES,NO,30:35:00,30:36:00,,,,00:30:35,00:30:36
380,2,3,,,V,EVENT,YES,NO,30:53:00,30:54:00,,,,00:30:53,00:30:54
381,2,3,,,U,MUSIC,YES,YES,30:55:00,31:24:00,,,,00:30:55,00:31:24
382,2,3,,,P,BEHAVIOR,YES,YES,30:56:00,31:02:00,,,,00:30:56,00:31:02
383,2,3,,,H,EVENT,YES,YES,31:03:00,31:04:00,,,,00:31:03,00:31:04
384,2,3,,,L,BEHAVIOR,YES,YES,31:09:00,33:03:00,,,,00:31:09,00:33:03
385,2,3,,,V,EVENT,YES,NO,31:42:00,31:43:00,,,,00:31:42,00:31:43
386,2,3,,,V,EVENT,YES,NO,32:43:00,32:43:00,,,,00:32:43,00:32:43
387,2,3,,,V,EVENT,YES,NO,33:04:00,33:04:00,,,,00:33:04,00:33:04
388,2,3,,,U,MUSIC,YES,YES,33:05:00,33:14:00,,,,00:33:05,00:33:14
389,2,3,,,L,BEHAVIOR,YES,NO,33:05:00,34:42:00,,,,00:33:05,00:34:42
390,2,3,,,V,EVENT,YES,NO,33:16:00,33:16:00,,,,00:33:16,00:33:16
391,2,3,,,V,EVENT,YES,NO,33:31:00,33:32:00,,,,00:33:31,00:33:32
392,2,3,,,V,EVENT,YES,NO,33:46:00,33:46:00,,,,00:33:46,00:33:46
393,2,3,,,V,EVENT,YES,NO,33:59:00,34:00:00,,,,00:33:59,00:34:00
394,2,3,,,V,EVENT,YES,NO,34:32:00,34:33:00,,,,00:34:32,00:34:33
395,2,3,,,M,EVENT,YES,NO,34:43:00,34:44:00,,,,00:34:43,00:34:44
396,2,3,,,L,BEHAVIOR,YES,NO,34:44:00,34:56:00,,,,00:34:44,00:34:56
397,2,3,,,V,EVENT,YES,NO,35:05:00,35:06:00,,,,00:35:05,00:35:06
398,2,3,,,L,BEHAVIOR,YES,NO,35:06:00,35:15:00,,,,00:35:06,00:35:15
399,2,3,,,U,MUSIC,YES,YES,35:16:00,35:35:00,,,,00:35:16,00:35:35
400,2,3,,,V,EVENT,YES,NO,35:16:00,35:16:00,,,,00:35:16,00:35:16
401,2,3,,,L,BEHAVIOR,YES,YES,35:18:00,36:15:00,,,,00:35:18,00:36:15
402,2,3,,,V,EVENT,YES,NO,36:13:00,36:13:00,,,,00:36:13,00:36:13
403,2,3,,,L,BEHAVIOR,YES,NO,36:16:00,36:35:00,,,,00:36:16,00:36:35
404,2,3,,,M,EVENT,YES,NO,36:35:00,36:37:00,,,,00:36:35,00:36:37
405,2,3,,,B,EVENT,YES,NO,36:38:00,36:38:00,,,,00:36:38,00:36:38
406,2,3,,,U,MUSIC,YES,YES,36:39:00,37:24:00,,,,00:36:39,00:37:24
407,2,3,,,V,EVENT,YES,YES,36:43:00,36:43:00,,,,00:36:43,00:36:43
408,2,3,,,L,BEHAVIOR,YES,YES,36:46:00,36:48:00,,,,00:36:46,00:36:48
409,2,3,,,B,EVENT,YES,YES,36:48:00,36:49:00,,,,00:36:48,00:36:49
410,2,3,,,B,EVENT,YES,YES,36:54:00,37:03:00,,,,00:36:54,00:37:03
411,2,3,,,B,EVENT,YES,YES,37:06:00,37:09:00,,,,00:37:06,00:37:09
412,2,3,,,V,EVENT,YES,YES,37:15:00,37:15:00,,,,00:37:15,00:37:15
413,2,3,,,M,EVENT,YES,YES,37:17:00,37:18:00,,,,00:37:17,00:37:18
414,2,3,,,L,BEHAVIOR,YES,YES,37:18:00,37:46:00,,,,00:37:18,00:37:46
415,2,3,,,V,EVENT,YES,NO,37:35:00,37:36:00,,,,00:37:35,00:37:36
416,2,3,,,M,EVENT,YES,NO,37:46:00,37:53:00,,,,00:37:46,00:37:53
417,2,3,,,L,BEHAVIOR,YES,NO,37:53:00,40:08:00,,,,00:37:53,00:40:08
418,2,3,,,V,EVENT,YES,NO,38:03:00,38:04:00,,,,00:38:03,00:38:04
419,2,3,,,V,EVENT,YES,NO,38:26:00,38:27:00,,,,00:38:26,00:38:27
420,2,3,,,V,EVENT,YES,NO,39:25:00,39:26:00,,,,00:39:25,00:39:26
421,2,3,,,P,BEHAVIOR,YES,NO,40:08:00,40:16:00,,,,00:40:08,00:40:16
422,2,3,,,L,BEHAVIOR,YES,NO,40:19:00,40:27:00,,,,00:40:19,00:40:27
423,2,3,,,U,MUSIC,YES,YES,40:23:00,40:43:00,,,,00:40:23,00:40:43
424,2,3,,,M,EVENT,YES,YES,40:27:00,40:29:00,,,,00:40:27,00:40:29
425,2,3,,,V,EVENT,YES,YES,40:30:00,40:31:00,,,,00:40:30,00:40:31
426,2,3,,,L,BEHAVIOR,YES,YES,40:34:00,40:55:00,,,,00:40:34,00:40:55
427,2,3,,,P,BEHAVIOR,YES,NO,40:53:00,41:01:00,,,,00:40:53,00:41:01
428,2,3,,,M,EVENT,YES,NO,41:04:00,41:06:00,,,,00:41:04,00:41:06
429,2,3,,,L,BEHAVIOR,YES,NO,41:07:00,41:56:00,,,,00:41:07,00:41:56
430,2,3,,,P,BEHAVIOR,YES,NO,41:08:00,41:44:00,,,,00:41:08,00:41:44
431,2,3,,,P,BEHAVIOR,YES,NO,41:45:00,41:56:00,,,,00:41:45,00:41:56
432,2,3,,,M,EVENT,YES,NO,41:56:00,41:58:00,,,,00:41:56,00:41:58
433,2,3,,,P,BEHAVIOR,YES,NO,42:02:00,42:53:00,,,,00:42:02,00:42:53
434,2,3,,,P,BEHAVIOR,YES,NO,43:03:00,43:20:00,,,,00:43:03,00:43:20
435,2,3,,,FP,BEHAVIOR,YES,NO,43:21:00,43:23:00,,,,00:43:21,00:43:23
436,2,3,,,M,EVENT,YES,NO,43:56:00,43:59:00,,,,00:43:56,00:43:59
437,2,3,,,L,BEHAVIOR,YES,NO,44:00:00,44:11:00,,,,00:44:00,00:44:11
438,2,3,,,M,EVENT,YES,NO,44:12:00,44:15:00,,,,00:44:12,00:44:15
439,2,3,,,L,BEHAVIOR,YES,NO,45:04:00,45:14:00,,,,00:45:04,00:45:14
440,2,3,,,L,BEHAVIOR,YES,NO,45:15:00,45:17:00,,,,00:45:15,00:45:17
441,2,3,,,L,BEHAVIOR,YES,NO,45:20:00,45:39:00,,,,00:45:20,00:45:39
442,2,3,,,M,EVENT,YES,NO,45:40:00,45:47:00,,,,00:45:40,00:45:47
443,2,3,,,L,BEHAVIOR,YES,NO,45:49:00,45:58:00,,,,00:45:49,00:45:58
444,2,3,,,M,EVENT,YES,NO,45:59:00,46:03:00,,,,00:45:59,00:46:03
445,2,3,,,L,BEHAVIOR,YES,NO,46:03:00,46:06:00,,,,00:46:03,00:46:06
446,2,3,,,L,BEHAVIOR,YES,NO,49:04:00,49:22:00,,,,00:49:04,00:49:22
447,2,3,,,M,EVENT,YES,NO,49:22:00,49:28:00,,,,00:49:22,00:49:28
448,2,3,,,M,EVENT,YES,NO,49:30:00,49:32:00,,,,00:49:30,00:49:32
449,2,3,,,L,BEHAVIOR,YES,NO,49:32:00,49:41:00,,,,00:49:32,00:49:41
450,2,3,,,M,EVENT,YES,NO,49:41:00,49:46:00,,,,00:49:41,00:49:46
451,2,3,,,L,BEHAVIOR,YES,NO,49:47:00,50:18:00,,,,00:49:47,00:50:18
452,2,3,,,M,EVENT,YES,NO,50:18:00,50:21:00,,,,00:50:18,00:50:21
453,2,3,,,NB,BEHAVIOR,YES,NO,50:22:00,50:26:00,,,,00:50:22,00:50:26
454,2,3,,,B,EVENT,YES,NO,50:26:00,50:27:00,,,,00:50:26,00:50:27
455,2,3,,,U,MUSIC,YES,YES,50:28:00,51:45:00,,,,00:50:28,00:51:45
456,2,3,,,B,EVENT,YES,YES,50:35:00,50:39:00,,,,00:50:35,00:50:39
457,2,3,,,M,EVENT,YES,YES,50:40:00,50:45:00,,,,00:50:40,00:50:45
458,2,3,,,B,EVENT,YES,YES,50:48:00,50:50:00,,,,00:50:48,00:50:50
459,2,3,,,N,EVENT,YES,YES,50:53:00,50:54:00,,,,00:50:53,00:50:54
460,2,3,,,B,EVENT,YES,YES,50:56:00,51:02:00,,,,00:50:56,00:51:02
461,2,3,,,N,EVENT,YES,YES,51:07:00,51:08:00,,,,00:51:07,00:51:08
462,2,3,,,H,EVENT,YES,YES,51:12:00,51:14:00,,,,00:51:12,00:51:14
463,2,3,,,B,EVENT,YES,YES,51:16:00,51:18:00,,,,00:51:16,00:51:18
464,2,3,,,H,EVENT,YES,YES,51:19:00,51:20:00,,,,00:51:19,00:51:20
465,2,3,,,B,EVENT,YES,YES,51:22:00,51:25:00,,,,00:51:22,00:51:25
466,2,3,,,H,EVENT,YES,YES,51:27:00,51:30:00,,,,00:51:27,00:51:30
467,2,3,,,L,BEHAVIOR,YES,YES,51:32:00,51:38:00,,,,00:51:32,00:51:38
468,2,3,,,M,EVENT,YES,NO,51:56:00,51:58:00,,,,00:51:56,00:51:58
469,2,3,,,L,BEHAVIOR,YES,NO,51:58:00,52:05:00,,,,00:51:58,00:52:05
470,2,3,,,V,EVENT,YES,NO,52:00:00,52:01:00,,,,00:52:00,00:52:01
471,2,3,,,M,EVENT,YES,NO,52:06:00,52:09:00,,,,00:52:06,00:52:09
472,2,3,,,B,EVENT,YES,NO,52:10:00,52:11:00,,,,00:52:10,00:52:11
473,2,3,,,V,EVENT,YES,NO,52:11:00,52:11:00,,,,00:52:11,00:52:11
474,2,3,,,U,MUSIC,YES,YES,52:12:00,53:09:00,,,,00:52:12,00:53:09
475,2,3,,,B,EVENT,YES,YES,52:14:00,52:20:00,,,,00:52:14,00:52:20
476,2,3,,,B,EVENT,YES,YES,52:21:00,52:23:00,,,,00:52:21,00:52:23
477,2,3,,,V,EVENT,YES,YES,52:28:00,52:29:00,,,,00:52:28,00:52:29
478,2,3,,,N,EVENT,YES,YES,52:32:00,52:33:00,,,,00:52:32,00:52:33
479,2,3,,,M,EVENT,YES,YES,52:34:00,52:36:00,,,,00:52:34,00:52:36
480,2,3,,,V,EVENT,YES,YES,52:35:00,52:36:00,,,,00:52:35,00:52:36
481,2,3,,,B,EVENT,YES,YES,52:36:00,52:37:00,,,,00:52:36,00:52:37
482,2,3,,,L,BEHAVIOR,YES,YES,52:47:00,52:49:00,,,,00:52:47,00:52:49
483,2,3,,,N,EVENT,YES,YES,52:49:00,52:50:00,,,,00:52:49,00:52:50
484,2,3,,,V,EVENT,YES,YES,52:54:00,52:55:00,,,,00:52:54,00:52:55
485,2,3,,,L,BEHAVIOR,YES,YES,52:55:00,53:12:00,,,,00:52:55,00:53:12
486,2,3,,,V,EVENT,YES,YES,53:00:00,53:01:00,,,,00:53:00,00:53:01
487,2,3,,,V,EVENT,YES,NO,53:11:00,53:11:00,,,,00:53:11,00:53:11
488,2,3,,,M,EVENT,YES,NO,53:13:00,53:19:00,,,,00:53:13,00:53:19
489,2,3,,,L,BEHAVIOR,YES,NO,53:19:00,54:39:00,,,,00:53:19,00:54:39
490,2,3,,,V,EVENT,YES,NO,53:24:00,53:24:00,,,,00:53:24,00:53:24
491,2,3,,,V,EVENT,YES,NO,53:58:00,53:59:00,,,,00:53:58,00:53:59
492,2,3,,,V,EVENT,YES,NO,54:35:00,54:36:00,,,,00:54:35,00:54:36
493,2,3,,,V,EVENT,YES,NO,54:49:00,54:50:00,,,,00:54:49,00:54:50
494,2,3,,,L,BEHAVIOR,YES,NO,54:59:00,57:12:00,,,,00:54:59,00:57:12
495,2,3,,,V,EVENT,YES,NO,55:06:00,55:07:00,,,,00:55:06,00:55:07
496,2,3,,,V,EVENT,YES,NO,55:20:00,55:21:00,,,,00:55:20,00:55:21
497,2,3,,,M,EVENT,YES,NO,57:12:00,57:19:00,,,,00:57:12,00:57:19
498,2,3,,,L,BEHAVIOR,YES,NO,57:20:00,57:52:00,,,,00:57:20,00:57:52
499,2,3,,,L,BEHAVIOR,YES,NO,57:53:00,59:50:00,,,,00:57:53,00:59:50
500,2,3,,,P,BEHAVIOR,YES,NO,61:08:00,61:18:00,,,,00:61:08,00:61:18
501,2,3,,,L,BEHAVIOR,YES,NO,61:29:00,62:27:00,,,,00:61:29,00:62:27
502,2,3,,,V,EVENT,YES,NO,62:43:00,62:44:00,,,,00:62:43,00:62:44
503,2,3,,,V,EVENT,YES,NO,63:14:00,63:15:00,,,,00:63:14,00:63:15
504,2,3,,,M,EVENT,YES,NO,63:18:00,63:20:00,,,,00:63:18,00:63:20
505,2,3,,,P,BEHAVIOR,YES,NO,63:20:00,63:59:00,,,,00:63:20,00:63:59
506,2,3,,,P,BEHAVIOR,YES,NO,64:01:00,64:36:00,,,,00:64:01,00:64:36
507,2,3,,,L,BEHAVIOR,YES,NO,64:36:00,64:43:00,,,,00:64:36,00:64:43
508,2,3,,,V,EVENT,YES,NO,64:43:00,64:44:00,,,,00:64:43,00:64:44
509,2,3,,,U,MUSIC,YES,YES,64:46:00,65:08:00,,,,00:64:46,00:65:08
510,2,3,,,L,BEHAVIOR,YES,YES,64:47:00,65:08:00,,,,00:64:47,00:65:08
511,2,3,,,M,EVENT,YES,YES,65:08:00,65:11:00,,,,00:65:08,00:65:11
512,2,3,,,L,BEHAVIOR,YES,NO,65:15:00,65:40:00,,,,00:65:15,00:65:40
513,2,3,,,L,BEHAVIOR,YES,NO,65:43:00,67:35:00,,,,00:65:43,00:67:35
514,2,3,,,V,EVENT,YES,NO,67:27:00,67:28:00,,,,00:67:27,00:67:28
515,2,3,,,M,EVENT,YES,NO,67:35:00,67:40:00,,,,00:67:35,00:67:40
516,2,3,,,P,BEHAVIOR,YES,NO,67:41:00,68:07:00,,,,00:67:41,00:68:07
517,2,3,,,L,BEHAVIOR,YES,NO,67:43:00,68:20:00,,,,00:67:43,00:68:20
518,2,3,,,P,BEHAVIOR,YES,NO,68:08:00,68:22:00,,,,00:68:08,00:68:22
519,2,3,,,L,BEHAVIOR,YES,NO,68:25:00,68:51:00,,,,00:68:25,00:68:51
520,2,3,,,L,BEHAVIOR,YES,NO,68:52:00,69:11:00,,,,00:68:52,00:69:11
521,2,3,,,V,EVENT,YES,NO,69:03:00,69:04:00,,,,00:69:03,00:69:04
522,2,3,,,L,BEHAVIOR,YES,NO,69:12:00,69:13:00,,,,00:69:12,00:69:13
523,2,3,,,U,MUSIC,YES,YES,69:14:00,69:50:00,,,,00:69:14,00:69:50
524,2,3,,,V,EVENT,YES,YES,69:14:00,69:15:00,,,,00:69:14,00:69:15
525,2,3,,,M,EVENT,YES,YES,69:14:00,69:16:00,,,,00:69:14,00:69:16
526,2,3,,,L,BEHAVIOR,YES,YES,69:23:00,69:30:00,,,,00:69:23,00:69:30
527,2,3,,,V,EVENT,YES,YES,69:32:00,69:32:00,,,,00:69:32,00:69:32
528,2,3,,,V,EVENT,YES,YES,69:37:00,69:37:00,,,,00:69:37,00:69:37
529,2,3,,,V,EVENT,YES,NO,70:00:00,70:01:00,,,,00:70:00,00:70:01
530,2,3,,,V,EVENT,YES,NO,70:20:00,70:21:00,,,,00:70:20,00:70:21
531,2,3,,,M,EVENT,YES,NO,70:24:00,70:30:00,,,,00:70:24,00:70:30
532,2,3,,,M,EVENT,YES,NO,70:37:00,70:39:00,,,,00:70:37,00:70:39
533,3,2,,0:39:08,V,EVENT,YES,NO,0:00:14,0:00:14,,,,00:00:14,00:00:14
534,3,2,,,P,BEHAVIOR,YES,NO,0:00:25,0:00:37,,,,00:00:25,00:00:37
535,3,2,,,L,BEHAVIOR,YES,NO,0:00:38,0:00:56,,,Shifiting feet,00:00:38,00:00:56
536,3,2,,,V,EVENT,YES,NO,0:00:39,0:00:45,,,,00:00:39,00:00:45
537,3,2,,,V,EVENT,YES,NO,0:00:46,0:00:46,,,,00:00:46,00:00:46
538,3,2,,,V,EVENT,YES,NO,0:00:58,0:00:58,,,,00:00:58,00:00:58
539,3,2,,,L,BEHAVIOR,YES,NO,0:01:01,0:02:17,,,,00:01:01,00:02:17
540,3,2,,,U,MUSIC,YES,YES,0:02:03,0:02:18,,,Get Lucky,00:02:03,00:02:18
541,3,2,,,P,BEHAVIOR,YES,YES,0:02:17,0:02:18,,,,00:02:17,00:02:18
542,3,2,,,L,BEHAVIOR,YES,NO,0:02:18,0:02:27,,,,00:02:18,00:02:27
543,3,2,,,P,BEHAVIOR,YES,NO,0:02:28,0:02:31,,,,00:02:28,00:02:31
544,3,2,,,V,EVENT,YES,NO,0:03:11,0:03:11,,,,00:03:11,00:03:11
545,3,2,,,L,BEHAVIOR,YES,NO,0:03:20,0:03:21,,,,00:03:20,00:03:21
546,3,2,,,P,BEHAVIOR,YES,NO,0:03:27,0:05:16,,,,00:03:27,00:05:16
547,3,2,,,U,MUSIC,YES,YES,0:03:40,0:04:02,,,BILLY JEAN,00:03:40,00:04:02
548,3,2,,,V,EVENT,YES,YES,0:03:55,0:03:55,,,,00:03:55,00:03:55
549,3,2,,,L,BEHAVIOR,YES,NO,0:04:32,0:04:38,,,,00:04:32,00:04:38
550,3,2,,,L,BEHAVIOR,YES,NO,0:04:43,0:05:46,,,,00:04:43,00:05:46
551,3,2,,,V,EVENT,YES,NO,0:04:45,0:04:45,,,,00:04:45,00:04:45
552,3,2,,,S,BEHAVIOR,YES,NO,0:05:17,0:05:40,,,,00:05:17,00:05:40
553,3,2,,,B,EVENT,YES,NO,0:05:41,0:05:43,,,"6 bobs, music starts in response",00:05:41,00:05:43
554,3,2,,,U,,YES,YES,0:05:42,0:06:01,,,,00:05:42,00:06:01
555,3,2,,,P,BEHAVIOR,YES,YES,0:05:54,0:06:06,,,,00:05:54,00:06:06
556,3,2,,,L,BEHAVIOR,YES,NO,0:06:06,0:06:07,,,,00:06:06,00:06:07
557,3,2,,,B,EVENT,YES,NO,0:06:06,0:06:08,,,"5--> 2 soft ones, 3 big, seems like he wants music",00:06:06,00:06:08
558,3,2,,,U,MUSIC,YES,YES,0:06:08,0:06:26,,,,00:06:08,00:06:26
559,3,2,,,L,BEHAVIOR,YES,YES,0:06:09,0:06:41,,,,00:06:09,00:06:41
560,3,2,,,P,BEHAVIOR,YES,YES,0:06:18,0:06:39,,,,00:06:18,00:06:39
561,3,2,,,L,BEHAVIOR,YES,NO,0:06:43,0:06:50,,,,00:06:43,00:06:50
562,3,2,,,P,BEHAVIOR,YES,NO,0:06:44,0:06:50,,,,00:06:44,00:06:50
563,3,2,,,B,EVENT,YES,NO,0:06:51,0:06:52,,,,00:06:51,00:06:52
564,3,2,,,V,EVENT,YES,NO,0:06:51,0:06:52,,,,00:06:51,00:06:52
565,3,2,,,U,MUSIC,YES,YES,0:06:53,0:07:18,,,,00:06:53,00:07:18
566,3,2,,,H,EVENT,YES,YES,0:06:54,0:06:55,,,2 head whips in sync with beat,00:06:54,00:06:55
567,3,2,,,V,EVENT,YES,YES,0:06:58,0:06:58,,,,00:06:58,00:06:58
568,3,2,,,H,EVENT,YES,YES,0:07:03,0:07:04,,,,00:07:03,00:07:04
569,3,2,,,V,EVENT,YES,YES,0:07:05,0:07:06,,,,00:07:05,00:07:06
570,3,2,,,B,EVENT,YES,YES,0:07:05,0:07:06,,,"2 times, music getting more intense",00:07:05,00:07:06
571,3,2,,,L,BEHAVIOR,YES,YES,0:07:10,0:07:23,,,,00:07:10,00:07:23
572,3,2,,,M,EVENT,YES,NO,0:07:26,0:07:28,,,Keeper entered,00:07:26,00:07:28
573,3,2,,,E,BEHAVIOR,YES,NO,0:07:33,0:09:44,,,,00:07:33,00:09:44
574,3,2,,,M,EVENT,YES,NO,0:09:44,0:09:50,,,,00:09:44,00:09:50
575,3,2,,,E,BEHAVIOR,YES,NO,0:09:50,0:11:30,,,,00:09:50,00:11:30
576,3,2,,,L,BEHAVIOR,YES,NO,0:11:30,0:11:37,,,,00:11:30,00:11:37
577,3,2,,,E,BEHAVIOR,YES,NO,0:11:37,0:11:48,,,,00:11:37,00:11:48
578,3,2,,,L,BEHAVIOR,YES,NO,0:11:48,0:12:04,,,,00:11:48,00:12:04
579,3,2,,,B,EVENT,YES,NO,0:11:51,0:11:52,,,2 SMALL ONES,00:11:51,00:11:52
580,3,2,,,B,EVENT,YES,NO,0:11:53,0:11:54,,,,00:11:53,00:11:54
581,3,2,,,U,MUSIC,YES,YES,0:11:54,0:12:07,,,,00:11:54,00:12:07
582,3,2,,,E,BEHAVIOR,YES,YES,0:12:04,0:12:47,,,,00:12:04,00:12:47
583,3,2,,,L,BEHAVIOR,YES,NO,0:12:07,0:12:11,,,,00:12:07,00:12:11
584,3,2,,,L,BEHAVIOR,YES,NO,0:12:17,0:12:27,,,,00:12:17,00:12:27
585,3,2,,,M,EVENT,YES,NO,0:12:47,0:12:53,,,,00:12:47,00:12:53
586,3,2,,,L,BEHAVIOR,YES,NO,0:12:53,0:12:55,,,,00:12:53,00:12:55
587,3,2,,,B,EVENT,YES,NO,0:12:55,0:12:56,,,1 DOWN BOB,00:12:55,00:12:56
588,3,2,,,U,MUSIC,YES,YES,0:12:57,0:13:35,,,,00:12:57,00:13:35
589,3,2,,,L,BEHAVIOR,YES,YES,0:12:59,0:13:01,,,,00:12:59,00:13:01
590,3,2,,,M,EVENT,YES,YES,0:13:01,0:13:03,,,,00:13:01,00:13:03
591,3,2,,,B,EVENT,YES,YES,0:13:09,0:13:11,,,"~4 BOBS STARTING ON UPBEAT, END ON DOWN",00:13:09,00:13:11
592,3,2,,,B,EVENT,YES,YES,0:13:16,0:13:17,,,2 BOBS DOWN BEAT,00:13:16,00:13:17
593,3,2,,,B,EVENT,YES,YES,0:13:17,0:13:18,,,3 BOBS DOWN,00:13:17,00:13:18
594,3,2,,,M,EVENT,YES,YES,0:13:22,0:13:25,,,,00:13:22,00:13:25
595,3,2,,,I,BEHAVIOR,YES,YES,0:13:25,0:13:26,,,,00:13:25,00:13:26
596,3,2,,,M,EVENT,YES,YES,0:13:26,0:13:29,,,,00:13:26,00:13:29
597,3,2,,,I,BEHAVIOR,YES,YES,0:13:28,0:13:32,,,,00:13:28,00:13:32
598,3,2,,,L,BEHAVIOR,YES,YES,0:13:32,0:13:37,,,,00:13:32,00:13:37
599,3,2,,,H,EVENT,YES,NO,0:13:37,0:13:38,,,2 HEAD WHIPS,00:13:37,00:13:38
600,3,2,,,U,MUSIC,YES,YES,0:13:38,0:14:08,,,,00:13:38,00:14:08
601,3,2,,,L,BEHAVIOR,YES,YES,0:13:38,0:13:39,,,,00:13:38,00:13:39
602,3,2,,,L,BEHAVIOR,YES,YES,0:13:40,0:13:42,,,,00:13:40,00:13:42
603,3,2,,,H,EVENT,YES,YES,0:13:42,0:13:44,,,,00:13:42,00:13:44
604,3,2,,,L,BEHAVIOR,YES,YES,0:13:43,0:13:53,,,,00:13:43,00:13:53
605,3,2,,,H,EVENT,YES,YES,0:13:53,0:13:54,,,,00:13:53,00:13:54
606,3,2,,,L,BEHAVIOR,YES,YES,0:13:54,0:14:09,,,,00:13:54,00:14:09
607,3,2,,,I,BEHAVIOR,YES,NO,0:14:10,0:14:15,,,,00:14:10,00:14:15
608,3,2,,,L,BEHAVIOR,YES,NO,0:14:15,0:14:36,,,,00:14:15,00:14:36
609,3,2,,,M,EVENT,YES,NO,0:14:36,0:14:37,,,,00:14:36,00:14:37
610,3,2,,,I,BEHAVIOR,YES,NO,0:14:38,0:14:55,,,,00:14:38,00:14:55
611,3,2,,,M,EVENT,YES,NO,0:14:55,0:14:57,,,,00:14:55,00:14:57
612,3,2,,,L,BEHAVIOR,YES,NO,0:15:05,0:15:30,,,,00:15:05,00:15:30
613,3,2,,,M,EVENT,YES,NO,0:15:30,0:15:35,,,,00:15:30,00:15:35
614,3,2,,,E,BEHAVIOR,YES,NO,0:15:35,0:15:55,,,,00:15:35,00:15:55
615,3,2,,,B,EVENT,YES,NO,0:15:37,0:15:38,,,2 BOBS,00:15:37,00:15:38
616,3,2,,,U,MUSIC,YES,YES,0:15:38,0:15:56,,,,00:15:38,00:15:56
617,3,2,,,M,EVENT,YES,YES,0:15:55,0:15:59,,,,00:15:55,00:15:59
618,3,2,,,B,EVENT,YES,NO,0:16:00,0:16:00,,,,00:16:00,00:16:00
619,3,2,,,B,EVENT,YES,NO,0:16:01,0:16:03,,,5 BOBS,00:16:01,00:16:03
620,3,2,,,U,MUSIC,YES,YES,0:16:02,0:16:53,,,,00:16:02,00:16:53
621,3,2,,,B,EVENT,YES,YES,0:16:04,0:16:06,,,"3 BOBS, FASTER",00:16:04,00:16:06
622,3,2,,,L,BEHAVIOR,YES,YES,0:16:06,0:16:13,,,,00:16:06,00:16:13
623,3,2,,,B,EVENT,YES,YES,0:16:08,0:16:10,,,"~4, LAST IS REALLY SMALL; HE'S TRYING TO BOB  ON ONE LEG",00:16:08,00:16:10
624,3,2,,,B,EVENT,YES,YES,0:16:13,0:16:15,,,4,00:16:13,00:16:15
625,3,2,,,B,EVENT,YES,YES,0:16:16,0:16:19,,,~6 BOBS; GETTING MORE ENTHUSIASTIC,00:16:16,00:16:19
626,3,2,,,B,EVENT,YES,YES,0:16:19,0:16:25,,,,00:16:19,00:16:25
627,3,2,,,B,EVENT,YES,YES,0:16:27,0:16:33,,,experimented with tilting is head to the beat in the middle of this bob sequence. ~12-14,00:16:27,00:16:33
628,3,2,,,L,BEHAVIOR,YES,YES,0:16:38,0:16:40,,,,00:16:38,00:16:40
629,3,2,,,B,EVENT,YES,YES,0:16:40,0:16:41,,,3-4,00:16:40,00:16:41
630,3,2,,,L,BEHAVIOR,YES,YES,0:16:42,0:17:02,,,,00:16:42,00:17:02
631,3,2,,,L,BEHAVIOR,YES,NO,0:17:02,0:17:03,,,,00:17:02,00:17:03
632,3,2,,,L,BEHAVIOR,YES,NO,0:17:04,0:17:05,,,,00:17:04,00:17:05
633,3,2,,,B,EVENT,YES,NO,0:17:05,0:17:05,,,1 bob,00:17:05,00:17:05
634,3,2,,,V,EVENT,YES,NO,0:17:05,0:17:05,,,SMALL,00:17:05,00:17:05
635,3,2,,,L,BEHAVIOR,YES,NO,0:17:06,0:17:10,,,,00:17:06,00:17:10
636,3,2,,,L,BEHAVIOR,YES,NO,0:17:13,0:17:28,,,,00:17:13,00:17:28
637,3,2,,,F,BEHAVIOR,YES,NO,0:17:28,0:17:30,,,,00:17:28,00:17:30
638,3,2,,,L,BEHAVIOR,YES,NO,0:17:30,0:20:12,,,,00:17:30,00:20:12
639,3,2,,,V,EVENT,YES,NO,0:17:49,0:17:50,,,,00:17:49,00:17:50
640,3,2,,,V,EVENT,YES,NO,0:18:20,0:18:20,,,,00:18:20,00:18:20
641,3,2,,,P,BEHAVIOR,YES,NO,0:18:52,0:18:54,,,,00:18:52,00:18:54
642,3,2,,,L,BEHAVIOR,YES,NO,0:20:14,0:20:50,,,,00:20:14,00:20:50
643,3,2,,,V,EVENT,YES,NO,0:20:50,0:20:50,,,,00:20:50,00:20:50
644,3,2,,,P,BEHAVIOR,YES,NO,0:20:50,0:20:52,,,,00:20:50,00:20:52
645,3,2,,,L,BEHAVIOR,YES,NO,0:20:53,0:21:36,,,,00:20:53,00:21:36
646,3,2,,,F,BEHAVIOR,YES,NO,0:21:31,0:21:34,,,,00:21:31,00:21:34
647,3,2,,,B,EVENT,YES,NO,0:21:37,0:21:37,,,2 short and quick,00:21:37,00:21:37
648,3,2,,,U,MUSIC,YES,YES,0:21:39,0:21:58,,,,00:21:39,00:21:58
649,3,2,,,F,BEHAVIOR,YES,YES,0:21:41,0:21:42,,,,00:21:41,00:21:42
650,3,2,,,L,BEHAVIOR,YES,YES,0:21:41,0:22:45,,,,00:21:41,00:22:45
651,3,2,,,P,BEHAVIOR,YES,YES,0:21:53,0:21:57,,,,00:21:53,00:21:57
652,3,2,,,V,EVENT,YES,NO,0:22:04,0:22:04,,,,00:22:04,00:22:04
653,3,2,,,I,BEHAVIOR,YES,NO,0:22:45,0:22:48,,,,00:22:45,00:22:48
654,3,2,,,M,EVENT,YES,NO,0:22:49,0:22:51,,,,00:22:49,00:22:51
655,3,2,,,L,BEHAVIOR,YES,NO,0:22:51,0:22:52,,,,00:22:51,00:22:52
656,3,2,,,L,BEHAVIOR,YES,NO,0:22:53,0:22:53,,,,00:22:53,00:22:53
657,3,2,,,F,BEHAVIOR,YES,NO,0:22:53,0:22:54,,,,00:22:53,00:22:54
658,3,2,,,V,EVENT,YES,NO,0:22:54,0:22:54,,,,00:22:54,00:22:54
659,3,2,,,L,BEHAVIOR,YES,NO,0:22:55,0:23:44,,,,00:22:55,00:23:44
660,3,2,,,L,BEHAVIOR,YES,NO,0:23:46,0:24:24,,,,00:23:46,00:24:24
661,3,2,,,V,EVENT,YES,NO,0:23:46,0:23:46,,,,00:23:46,00:23:46
662,3,2,,,L,BEHAVIOR,YES,NO,0:24:28,0:24:50,,,,00:24:28,00:24:50
663,3,2,,,M,EVENT,YES,NO,0:24:50,0:24:51,,,,00:24:50,00:24:51
664,3,2,,,L,BEHAVIOR,YES,NO,0:24:54,0:26:06,,,,00:24:54,00:26:06
665,3,2,,,V,EVENT,YES,NO,0:25:30,0:25:31,,,small call,00:25:30,00:25:31
666,3,2,,,V,EVENT,YES,NO,0:26:05,0:26:05,,,,00:26:05,00:26:05
667,3,2,,,V,EVENT,YES,NO,0:26:27,0:26:27,,,,00:26:27,00:26:27
668,3,2,,,P,BEHAVIOR,YES,NO,0:26:28,0:26:29,,,,00:26:28,00:26:29
669,3,2,,,B,EVENT,YES,NO,0:26:36,0:26:37,,,2 bobs,00:26:36,00:26:37
670,3,2,,,L,BEHAVIOR,YES,NO,0:26:37,0:26:52,,,,00:26:37,00:26:52
671,3,2,,,U,MUSIC,YES,YES,0:26:38,0:27:01,,,,00:26:38,00:27:01
672,3,2,,,V,EVENT,YES,YES,0:26:40,0:26:41,,,,00:26:40,00:26:41
673,3,2,,,V,EVENT,YES,YES,0:26:52,0:26:52,,,,00:26:52,00:26:52
674,3,2,,,L,BEHAVIOR,YES,YES,0:26:53,0:27:10,,,,00:26:53,00:27:10
675,3,2,,,V,EVENT,YES,NO,0:27:04,0:27:05,,,,00:27:04,00:27:05
676,3,2,,,V,EVENT,YES,NO,0:27:10,0:27:11,,,,00:27:10,00:27:11
677,3,2,,,L,BEHAVIOR,YES,NO,0:27:11,0:27:30,,,,00:27:11,00:27:30
678,3,2,,,V,EVENT,YES,NO,0:27:12,0:27:12,,,,00:27:12,00:27:12
679,3,2,,,V,EVENT,YES,NO,0:27:14,0:27:15,,,,00:27:14,00:27:15
680,3,2,,,V,EVENT,YES,NO,0:27:26,0:27:26,,,higher pitched,00:27:26,00:27:26
681,3,2,,,P,BEHAVIOR,YES,NO,0:27:31,0:27:32,,,,00:27:31,00:27:32
682,3,2,,,V,EVENT,YES,NO,0:27:31,0:27:31,,,soft,00:27:31,00:27:31
683,3,2,,,L,BEHAVIOR,YES,NO,0:27:33,0:28:57,,,,00:27:33,00:28:57
684,3,2,,,P,BEHAVIOR,YES,NO,0:27:34,0:27:35,,,,00:27:34,00:27:35
685,3,2,,,F,BEHAVIOR,YES,NO,0:27:37,0:27:38,,,,00:27:37,00:27:38
686,3,2,,,P,BEHAVIOR,YES,NO,0:27:46,0:27:48,,,,00:27:46,00:27:48
687,3,2,,,V,EVENT,YES,NO,0:27:48,0:27:48,,,,00:27:48,00:27:48
688,3,2,,,V,EVENT,YES,NO,0:28:35,0:28:36,,,,00:28:35,00:28:36
689,3,2,,,M,EVENT,YES,NO,0:28:57,0:29:00,,,,00:28:57,00:29:00
690,3,2,,,E,BEHAVIOR,YES,NO,0:29:05,0:29:54,,,NEXT VIDEO,00:29:05,00:29:54
691,3,2,,,M,EVENT,YES,NO,0:29:55,0:29:57,,,,00:29:55,00:29:57
692,3,2,,,B,EVENT,YES,NO,0:29:58,0:29:58,,,one gentler bob,00:29:58,00:29:58
693,3,2,,,M,EVENT,YES,NO,0:29:59,0:30:07,,,,00:29:59,00:30:07
694,3,2,,,U,MUSIC,YES,YES,0:29:59,0:30:21,,,,00:29:59,00:30:21
695,3,2,,,B,EVENT,YES,YES,0:30:07,0:30:08,,,2 bobs,00:30:07,00:30:08
696,3,2,,,L,BEHAVIOR,YES,YES,0:30:08,0:30:11,,,,00:30:08,00:30:11
697,3,2,,,M,EVENT,YES,YES,0:30:11,0:30:15,,,,00:30:11,00:30:15
698,3,2,,,L,BEHAVIOR,YES,YES,0:30:19,0:30:39,,,,00:30:19,00:30:39
699,3,2,,,B,EVENT,YES,NO,0:30:40,0:30:41,,,2.5 bobs,00:30:40,00:30:41
700,3,2,,,U,MUSIC,YES,YES,0:30:41,0:30:45,,,,00:30:41,00:30:45
701,3,2,,,L,BEHAVIOR,YES,YES,0:30:43,0:30:48,,,,00:30:43,00:30:48
702,3,2,,,I,BEHAVIOR,YES,NO,0:30:49,0:31:00,,,,00:30:49,00:31:00
703,3,2,,,U,MUSIC,YES,YES,0:30:52,0:30:57,,,,00:30:52,00:30:57
704,3,2,,,M,EVENT,YES,YES,0:31:00,0:31:05,,,,00:31:00,00:31:05
705,3,2,,,L,BEHAVIOR,YES,YES,0:31:10,0:31:12,,,,00:31:10,00:31:12
706,3,2,,,I,BEHAVIOR,YES,YES,0:31:14,0:31:17,,,,00:31:14,00:31:17
707,3,2,,,B,EVENT,YES,YES,0:31:20,0:31:21,,,2 bobs,00:31:20,00:31:21
708,3,2,,,U,MUSIC,YES,YES,0:31:23,0:31:38,,,,00:31:23,00:31:38
709,3,2,,,L,BEHAVIOR,YES,YES,0:31:24,0:31:27,,,,00:31:24,00:31:27
710,3,2,,,L,BEHAVIOR,YES,YES,0:31:28,0:31:49,,,,00:31:28,00:31:49
711,3,2,,,I,BEHAVIOR,YES,YES,0:31:49,0:31:53,,,,00:31:49,00:31:53
712,3,2,,,L,BEHAVIOR,YES,YES,0:31:54,0:31:59,,,,00:31:54,00:31:59
713,3,2,,,M,EVENT,YES,NO,0:32:01,0:32:12,,,,00:32:01,00:32:12
714,3,2,,,E,BEHAVIOR,YES,NO,0:32:13,0:32:40,,,"he stops chewing when he starts moving, but he holds food in his mouth until here",00:32:13,00:32:40
715,3,2,,,M,EVENT,YES,NO,0:32:16,0:32:21,,,food in mouth while moving,00:32:16,00:32:21
716,3,2,,,B,EVENT,YES,NO,0:32:21,0:32:21,,,1 bob,00:32:21,00:32:21
717,3,2,,,L,BEHAVIOR,YES,NO,0:32:22,0:32:23,,,,00:32:22,00:32:23
718,3,2,,,U,MUSIC,YES,YES,0:32:23,0:34:20,,,,00:32:23,00:34:20
719,3,2,,,L,BEHAVIOR,YES,YES,0:32:25,0:32:26,,,,00:32:25,00:32:26
720,3,2,,,B,EVENT,YES,YES,0:32:26,0:32:27,,,,00:32:26,00:32:27
721,3,2,,,B,EVENT,YES,YES,0:32:28,0:32:31,,,7 bobs,00:32:28,00:32:31
722,3,2,,,H,EVENT,YES,YES,0:32:32,0:32:33,,,"2 head whips, kid likes it",00:32:32,00:32:33
723,3,2,,,B,EVENT,YES,YES,0:32:33,0:32:39,,,"7 bobs, 2 bigger/slow ones with leg lift, 3-4 quick ones, followed by another long leggy one",00:32:33,00:32:39
724,3,2,,,B,EVENT,YES,YES,0:32:40,0:32:45,,,12 bobs,00:32:40,00:32:45
725,3,2,,,B,EVENT,YES,YES,0:32:47,0:32:49,,,5 BOBS,00:32:47,00:32:49
726,3,2,,,B,EVENT,YES,YES,0:32:53,0:32:57,,,3 slower bobs,00:32:53,00:32:57
727,3,2,,,V,EVENT,YES,YES,0:32:56,0:32:56,,,,00:32:56,00:32:56
728,3,2,,,M,EVENT,YES,YES,0:32:57,0:33:02,,,,00:32:57,00:33:02
729,3,2,,,E,BEHAVIOR,YES,YES,0:32:59,0:33:03,,,,00:32:59,00:33:03
730,3,2,,,B,EVENT,YES,YES,0:33:03,0:33:04,,,~2.5 bobs,00:33:03,00:33:04
731,3,2,,,E,BEHAVIOR,YES,YES,0:33:05,0:33:06,,,,00:33:05,00:33:06
732,3,2,,,M,EVENT,YES,YES,0:33:07,0:33:09,,,,00:33:07,00:33:09
733,3,2,,,B,EVENT,YES,YES,0:33:10,0:33:12,,,2 bobs,00:33:10,00:33:12
734,3,2,,,L,BEHAVIOR,YES,YES,0:33:12,0:33:13,,,,00:33:12,00:33:13
735,3,2,,,B,EVENT,YES,YES,0:33:13,0:33:14,,,1 bob,00:33:13,00:33:14
736,3,2,,,L,BEHAVIOR,YES,YES,0:33:16,0:33:18,,,,00:33:16,00:33:18
737,3,2,,,V,EVENT,YES,YES,0:33:17,0:33:17,,,,00:33:17,00:33:17
738,3,2,,,B,EVENT,YES,YES,0:33:18,0:33:23,,,9 bobs,00:33:18,00:33:23
739,3,2,,,B,EVENT,YES,YES,0:33:24,0:33:26,,,4,00:33:24,00:33:26
740,3,2,,,V,EVENT,YES,YES,0:33:24,0:33:24,,,,00:33:24,00:33:24
741,3,2,,,V,EVENT,YES,YES,0:33:25,0:33:25,,,,00:33:25,00:33:25
742,3,2,,,B,EVENT,YES,YES,0:33:27,0:33:27,,,"1 bob, wing out a bit",00:33:27,00:33:27
743,3,2,,,V,EVENT,YES,YES,0:33:31,0:33:31,,,,00:33:31,00:33:31
744,3,2,,,B,EVENT,YES,YES,0:33:31,0:33:32,,,3 bobs,00:33:31,00:33:32
745,3,2,,,B,EVENT,YES,YES,0:33:33,0:33:34,,,~3.5,00:33:33,00:33:34
746,3,2,,,V,EVENT,YES,YES,0:33:33,0:33:34,,,,00:33:33,00:33:34
747,3,2,,,B,EVENT,YES,YES,0:33:35,0:33:36,,,~2,00:33:35,00:33:36
748,3,2,,,V,EVENT,YES,YES,0:33:35,0:33:35,,,,00:33:35,00:33:35
749,3,2,,,E,BEHAVIOR,YES,YES,0:33:37,0:33:39,,,,00:33:37,00:33:39
750,3,2,,,B,EVENT,YES,YES,0:33:39,0:33:43,,,7,00:33:39,00:33:43
751,3,2,,,V,EVENT,YES,YES,0:33:42,0:33:43,,,,00:33:42,00:33:43
752,3,2,,,E,BEHAVIOR,YES,YES,0:33:44,0:33:46,,,,00:33:44,00:33:46
753,3,2,,,B,EVENT,YES,YES,0:33:46,0:33:49,,,4 bobs,00:33:46,00:33:49
754,3,2,,,V,EVENT,YES,YES,0:33:47,0:33:47,,,,00:33:47,00:33:47
755,3,2,,,L,BEHAVIOR,YES,YES,0:33:51,0:33:54,,,,00:33:51,00:33:54
756,3,2,,,E,BEHAVIOR,YES,YES,0:33:55,0:33:55,,,,00:33:55,00:33:55
757,3,2,,,B,EVENT,YES,YES,0:33:56,0:33:57,,,4,00:33:56,00:33:57
758,3,2,,,E,BEHAVIOR,YES,YES,0:33:58,0:34:00,,,,00:33:58,00:34:00
759,3,2,,,V,EVENT,YES,YES,0:34:01,0:34:01,,,,00:34:01,00:34:01
760,3,2,,,B,EVENT,YES,YES,0:34:01,0:34:01,,,1.5,00:34:01,00:34:01
761,3,2,,,V,EVENT,YES,YES,0:34:04,0:34:05,,,,00:34:04,00:34:05
762,3,2,,,B,EVENT,YES,YES,0:34:04,0:34:05,,,1.5,00:34:04,00:34:05
763,3,2,,,E,BEHAVIOR,YES,YES,0:34:06,0:34:09,,,,00:34:06,00:34:09
764,3,2,,,B,EVENT,YES,YES,0:34:09,0:34:09,,,,00:34:09,00:34:09
765,3,2,,,V,EVENT,YES,YES,0:34:09,0:34:09,,,,00:34:09,00:34:09
766,3,2,,,E,BEHAVIOR,YES,YES,0:34:10,0:34:11,,,,00:34:10,00:34:11
767,3,2,,,E,BEHAVIOR,YES,YES,0:34:16,0:34:26,,,,00:34:16,00:34:26
768,3,2,,,B,EVENT,YES,NO,0:34:26,0:34:26,,,1 bob,00:34:26,00:34:26
769,3,2,,,U,MUSIC,YES,YES,0:34:28,0:34:40,,,,00:34:28,00:34:40
770,3,2,,,E,BEHAVIOR,YES,YES,0:34:30,0:34:39,,,,00:34:30,00:34:39
771,3,2,,,V,EVENT,YES,NO,0:34:41,0:34:41,,,,00:34:41,00:34:41
772,3,2,,,L,BEHAVIOR,YES,NO,0:34:41,0:34:44,,,,00:34:41,00:34:44
773,3,2,,,E,BEHAVIOR,YES,NO,0:34:44,0:35:47,,,chewing while standing,00:34:44,00:35:47
774,3,2,,,I,BEHAVIOR,YES,NO,0:35:47,0:35:49,,,,00:35:47,00:35:49
775,3,2,,,M,EVENT,YES,NO,0:35:49,0:35:50,,,,00:35:49,00:35:50
776,3,2,,,E,BEHAVIOR,YES,NO,0:35:55,0:36:05,,,,00:35:55,00:36:05
777,3,2,,,L,BEHAVIOR,YES,NO,0:36:05,0:36:09,,,,00:36:05,00:36:09
778,3,2,,,M,EVENT,YES,NO,0:36:10,0:36:12,,,,00:36:10,00:36:12
779,3,2,,,L,BEHAVIOR,YES,NO,0:36:13,0:36:23,,,,00:36:13,00:36:23
780,3,2,,,E,BEHAVIOR,YES,NO,0:36:24,0:36:50,,,,00:36:24,00:36:50
781,3,2,,,L,BEHAVIOR,YES,NO,0:36:26,0:36:50,,,,00:36:26,00:36:50
782,3,2,,,M,EVENT,YES,NO,0:36:50,0:36:57,,,,00:36:50,00:36:57
783,3,2,,,I,BEHAVIOR,YES,NO,0:37:01,0:37:04,,,,00:37:01,00:37:04
784,3,2,,,M,EVENT,YES,NO,0:37:04,0:37:06,,,,00:37:04,00:37:06
785,3,2,,,M,EVENT,YES,NO,0:37:11,0:37:17,,,,00:37:11,00:37:17
786,3,2,,,E,BEHAVIOR,YES,NO,0:37:19,0:37:24,,,,00:37:19,00:37:24
787,3,2,,,I,BEHAVIOR,YES,NO,0:37:24,0:37:39,,,,00:37:24,00:37:39
788,3,2,,,M,EVENT,YES,NO,0:37:39,0:37:41,,,,00:37:39,00:37:41
789,3,2,,,I,BEHAVIOR,YES,NO,0:37:41,0:37:42,,,,00:37:41,00:37:42
790,3,2,,,I,BEHAVIOR,YES,NO,0:37:44,0:37:48,,,,00:37:44,00:37:48
791,3,2,,,M,EVENT,YES,NO,0:37:48,0:37:53,,,,00:37:48,00:37:53
792,3,2,,,M,EVENT,YES,NO,0:37:56,0:38:00,,,,00:37:56,00:38:00
793,3,2,,,E,BEHAVIOR,YES,NO,0:38:01,0:38:09,,,,00:38:01,00:38:09
794,3,2,,,L,BEHAVIOR,YES,NO,0:38:05,0:38:41,,,,00:38:05,00:38:41
795,3,2,,,I,BEHAVIOR,YES,NO,0:38:42,0:38:50,,,,00:38:42,00:38:50
796,3,2,,,L,BEHAVIOR,YES,NO,0:38:52,0:39:08,,,,00:38:52,00:39:08
797,3,3,,0:17:06,L,BEHAVIOR,YES,NO,0:00:02,0:00:07,,,,00:00:02,00:00:07
798,3,3,,,L,BEHAVIOR,YES,NO,0:00:08,0:00:10,,,,00:00:08,00:00:10
799,3,3,,,L,BEHAVIOR,YES,NO,0:00:12,0:00:53,,,,00:00:12,00:00:53
800,3,3,,,V,EVENT,YES,NO,0:00:53,0:00:53,,,,00:00:53,00:00:53
801,3,3,,,V,EVENT,YES,NO,0:00:54,0:00:55,,,,00:00:54,00:00:55
802,3,3,,,L,BEHAVIOR,YES,NO,0:00:55,0:01:28,,,,00:00:55,00:01:28
803,3,3,,,L,BEHAVIOR,YES,NO,0:01:29,0:01:50,,,,00:01:29,00:01:50
804,3,3,,,L,BEHAVIOR,YES,NO,0:01:57,0:03:00,,,,00:01:57,00:03:00
805,3,3,,,L,BEHAVIOR,YES,NO,0:03:09,0:03:49,,,,00:03:09,00:03:49
806,3,3,,,M,EVENT,YES,NO,0:03:50,0:03:55,,,,00:03:50,00:03:55
807,3,3,,,S,BEHAVIOR,YES,NO,0:03:54,0:04:13,,,,00:03:54,00:04:13
808,3,3,,,M,EVENT,YES,NO,0:04:13,0:04:17,,,,00:04:13,00:04:17
809,3,3,,,I,BEHAVIOR,YES,NO,0:04:54,0:04:56,,,,00:04:54,00:04:56
810,3,3,,,B,EVENT,YES,NO,0:04:57,0:04:58,,,quick; 3 times,00:04:57,00:04:58
811,3,3,,,U,MUSIC,YES,YES,0:04:59,0:05:14,,,,00:04:59,00:05:14
812,3,3,,,L,BEHAVIOR,YES,YES,0:05:04,0:05:26,,,,00:05:04,00:05:26
813,3,3,,,B,EVENT,YES,NO,0:05:27,0:05:27,,,One bob,00:05:27,00:05:27
814,3,3,,,U,MUSIC,YES,NO,0:05:29,0:05:42,,,,00:05:29,00:05:42
815,3,3,,,L,BEHAVIOR,YES,NO,0:05:30,0:05:44,,,,00:05:30,00:05:44
816,3,3,,,V,EVENT,YES,NO,0:05:45,0:05:45,,,,00:05:45,00:05:45
817,3,3,,,L,BEHAVIOR,YES,NO,0:05:46,0:07:08,,,,00:05:46,00:07:08
818,3,3,,,V,EVENT,YES,NO,0:06:34,0:06:34,,,,00:06:34,00:06:34
819,3,3,,,S,BEHAVIOR,YES,NO,0:07:11,0:07:20,,,,00:07:11,00:07:20
820,3,3,,,L,BEHAVIOR,YES,NO,0:07:23,0:07:23,,,,00:07:23,00:07:23
821,3,3,,,M,EVENT,YES,NO,0:07:28,0:07:33,,,,00:07:28,00:07:33
822,3,3,,,S,BEHAVIOR,YES,NO,0:07:34,0:07:35,,,,00:07:34,00:07:35
823,3,3,,,L,BEHAVIOR,YES,NO,0:07:38,0:07:41,,,,00:07:38,00:07:41
824,3,3,,,M,EVENT,YES,NO,0:07:42,0:07:43,,,,00:07:42,00:07:43
825,3,3,,,I,BEHAVIOR,YES,NO,0:07:43,0:07:46,,,,00:07:43,00:07:46
826,3,3,,,M,EVENT,YES,NO,0:07:44,0:07:48,,,,00:07:44,00:07:48
827,3,3,,,L,BEHAVIOR,YES,NO,0:07:49,0:07:50,,,,00:07:49,00:07:50
828,3,3,,,M,EVENT,YES,NO,0:07:52,0:08:00,,,,00:07:52,00:08:00
829,3,3,,,I,BEHAVIOR,YES,NO,0:07:53,0:07:55,,,,00:07:53,00:07:55
830,3,3,,,L,BEHAVIOR,YES,NO,0:08:03,0:15:54,,,,00:08:03,00:15:54
831,3,3,,,V,EVENT,YES,NO,0:08:13,0:08:14,,,,00:08:13,00:08:14
832,3,3,,,V,EVENT,YES,NO,0:08:15,0:08:16,,,,00:08:15,00:08:16
833,3,3,,,V,EVENT,YES,NO,0:09:38,0:09:38,,,,00:09:38,00:09:38
834,3,3,,,U,MUSIC,YES,NO,0:09:46,0:10:09,,,,00:09:46,00:10:09
835,3,3,,,V,EVENT,YES,NO,0:11:22,0:11:23,,,very soft,00:11:22,00:11:23
836,3,3,,,V,EVENT,YES,NO,0:11:32,0:11:33,,,,00:11:32,00:11:33
837,3,3,,,P,BEHAVIOR,YES,NO,0:11:51,0:15:05,,,,00:11:51,00:15:05
838,3,3,,,U,MUSIC,YES,YES,0:15:17,0:15:35,,,Debussy 1st arabesque,00:15:17,00:15:35
839,3,3,,,P,BEHAVIOR,YES,NO,0:15:37,0:15:53,,,,00:15:37,00:15:53
840,3,3,,,P,BEHAVIOR,YES,NO,0:15:55,0:16:05,,,,00:15:55,00:16:05
841,3,3,,,L,BEHAVIOR,YES,NO,0:15:56,0:17:05,,,,00:15:56,00:17:05
842,3,3,,,S,BEHAVIOR,YES,NO,0:16:06,0:16:11,,,,00:16:06,00:16:11
843,3,3,,,P,BEHAVIOR,YES,NO,0:16:13,0:16:14,,,,00:16:13,00:16:14
844,3,3,,,P,BEHAVIOR,YES,NO,0:16:20,0:16:32,,,,00:16:20,00:16:32
845,3,3,,,U,MUSIC,YES,YES,0:16:38,0:16:54,,,Michael Jackson,00:16:38,00:16:54
846,3,3,,,P,BEHAVIOR,YES,YES,0:16:51,0:16:55,,,,00:16:51,00:16:55
847,3,3,,,P,BEHAVIOR,YES,NO,0:17:00,0:17:05,,,,00:17:00,00:17:05
