Day,Session,Date/Time Start,Duration of Video,Activity,Event or behavior?,Visitors?,Music?,Time Start,Time End,Exact Date/Time Start,Exact Date/Time End,Unnamed: 12,Start,End
1,2,,,B,Event,YES,NO,0:36,0:37,,,,0:00:36,0:00:37
1,2,,,B,Event,YES,NO,0:38,0:40,,,,0:00:38,0:00:40
1,2,,,M,Event,YES,NO,0:41,0:43,,,,0:00:41,0:00:43
1,2,,,M,Event,YES,NO,0:44,0:47,,,,0:00:44,0:00:47
1,2,,,B,Event,YES,NO,0:47,0:49,,,,0:00:47,0:00:49
1,2,,,M,Event,YES,NO,0:54,1:00,,,,0:00:54,0:01:00
1,2,,,B,Event,YES,NO,1:00,1:01,,,,0:01:00,0:01:01
1,2,,,L,Behavior,YES,NO,1:09,1:32,,,,0:01:09,0:01:32
1,2,,,U,Music,YES,YES,11:08,12:00,,,,0:11:08,0:12:00
1,2,,,M,Event,YES,YES,11:37,11:40,,,,0:11:37,0:11:40
1,2,,,B,Event,YES,YES,12:02,12:03,,,,0:12:02,0:12:03
1,2,,,U,Music,YES,YES,12:03,12:45,,,,0:12:03,0:12:45
1,2,,,B,Event,YES,YES,12:12,12:16,,,,0:12:12,0:12:16
1,2,,,B,Event,YES,YES,12:18,12:22,,,,0:12:18,0:12:22
1,2,,,B,Event,YES,YES,12:30,12:32,,,,0:12:30,0:12:32
1,2,,,H,Event,YES,YES,12:31,12:33,,,,0:12:31,0:12:33
1,2,,,B,Event,YES,NO,12:45,12:46,,,,0:12:45,0:12:46
1,2,,,U,Music,YES,YES,12:48,12:59,,,,0:12:48,0:12:59
1,2,,,V,Event,YES,YES,12:50,12:51,,,,0:12:50,0:12:51
1,2,,,H,Event,YES,YES,12:57,12:58,,,,0:12:57,0:12:58
1,2,,,H,Event,YES,YES,12:59,13:00,,,,0:12:59,0:13:00
1,2,,,U,Music,YES,YES,13:01,13:02,,,,0:13:01,0:13:02
1,2,,,B,Event,YES,NO,13:09,13:29,,,,0:13:09,0:13:29
1,2,,,B,Event,YES,NO,13:36,13:44,,,,0:13:36,0:13:44
1,2,,,M,Event,YES,NO,13:46,13:48,,,,0:13:46,0:13:48
1,2,,,B,Event,YES,NO,13:49,13:52,,,,0:13:49,0:13:52
1,2,,,L,Behavior,YES,NO,13:52,13:53,,,,0:13:52,0:13:53
1,2,,,L,Behavior,YES,NO,13:54,13:55,,,,0:13:54,0:13:55
1,2,,,B,Event,YES,NO,13:56,14:00,,,,0:13:56,0:14:00
1,2,,,B,Event,YES,NO,14:01,14:06,,,,0:14:01,0:14:06
1,2,,,B,Event,YES,NO,14:10,14:12,,,,0:14:10,0:14:12
1,2,,,B,Event,YES,NO,14:14,14:15,,,,0:14:14,0:14:15
1,2,,,B,Event,YES,NO,14:21,14:25,,,,0:14:21,0:14:25
1,2,,,B,Event,YES,NO,14:34,14:34,,,,0:14:34,0:14:34
1,2,,,M,Event,YES,NO,14:35,14:38,,,,0:14:35,0:14:38
1,2,,,B,Event,YES,NO,14:39,14:41,,,,0:14:39,0:14:41
1,2,,,B,Event,YES,NO,14:43,14:47,,,,0:14:43,0:14:47
1,2,,,B,Event,YES,NO,14:48,14:51,,,,0:14:48,0:14:51
1,2,,,B,Event,YES,NO,14:52,15:02,,,,0:14:52,0:15:02
1,2,,,M,Event,YES,NO,15:06,15:09,,,,0:15:06,0:15:09
1,2,,,U,Music,YES,YES,15:44,16:00,,,,0:15:44,0:16:00
1,2,,,P,Behavior,YES,YES,15:49,15:50,,,,0:15:49,0:15:50
1,2,,,L,Behavior,YES,YES,15:51,16:30,,,,0:15:51,0:16:30
1,2,,,S,Behavior,YES,NO,16:36,16:43,,,,0:16:36,0:16:43
1,2,,,M,Event,YES,NO,17:04,17:05,,,,0:17:04,0:17:05
1,2,,,M,Event,YES,NO,17:06,17:09,,,,0:17:06,0:17:09
1,2,,,B,Event,YES,NO,17:08,17:09,,,,0:17:08,0:17:09
1,2,,,V,Event,YES,NO,17:10,17:10,,,,0:17:10,0:17:10
1,2,,,U,Music,YES,YES,17:11,19:23,,,,0:17:11,0:19:23
1,2,,,B,Event,YES,YES,17:43,17:47,,,,0:17:43,0:17:47
1,2,,,H,Event,YES,YES,17:53,17:56,,,,0:17:53,0:17:56
1,2,,,H,Event,YES,YES,17:57,17:59,,,,0:17:57,0:17:59
1,2,,,H,Event,YES,YES,18:00,18:02,,,,0:18:00,0:18:02
1,2,,,H,Event,YES,YES,18:03,18:06,,,,0:18:03,0:18:06
1,2,,,H,Event,YES,YES,18:09,18:10,,,,0:18:09,0:18:10
1,2,,,H,Event,YES,YES,18:13,18:14,,,,0:18:13,0:18:14
1,2,,,H,Event,YES,YES,18:17,18:19,,,,0:18:17,0:18:19
1,2,,,B,Event,YES,YES,18:22,18:24,,,,0:18:22,0:18:24
1,2,,,B,Event,YES,YES,18:33,18:34,,,,0:18:33,0:18:34
1,2,,,B,Event,YES,YES,18:36,18:38,,,,0:18:36,0:18:38
1,2,,,H,Event,YES,YES,18:39,18:39,,,,0:18:39,0:18:39
1,2,,,V,Event,YES,YES,18:39,18:40,,,,0:18:39,0:18:40
1,2,,,L,Behavior,YES,YES,18:45,18:56,,,,0:18:45,0:18:56
1,2,,,H,Event,YES,YES,18:55,18:57,,,,0:18:55,0:18:57
1,2,,,H,Event,YES,YES,18:58,19:01,,,,0:18:58,0:19:01
1,2,,,H,Event,YES,YES,19:05,19:07,,,,0:19:05,0:19:07
1,2,,,H,Event,YES,YES,19:10,19:10,,,,0:19:10,0:19:10
1,2,,,L,Behavior,YES,NO,19:24,19:26,,,,0:19:24,0:19:26
1,2,,,N,Event,YES,NO,19:26,19:27,,,,0:19:26,0:19:27
1,2,,,L,Behavior,YES,NO,19:39,20:01,,,,0:19:39,0:20:01
1,2,,,V,Event,YES,NO,20:01,20:01,,,,0:20:01,0:20:01
1,2,,,P,Behavior,YES,NO,20:22,20:23,,,,0:20:22,0:20:23
1,2,,,S,Behavior,YES,NO,20:28,20:30,,,,0:20:28,0:20:30
1,2,,,P,Behavior,YES,NO,20:35,20:40,,,,0:20:35,0:20:40
1,2,,,P,Behavior,YES,NO,20:47,20:47,,,,0:20:47,0:20:47
1,3,,,U,Music,YES,YES,0:33,1:08,,,,0:00:33,0:01:08
1,3,,,B,Event,YES,YES,0:40,0:44,,,,0:00:40,0:00:44
1,3,,,L,Behavior,YES,YES,0:46,0:51,,,,0:00:46,0:00:51
1,3,,,B,Event,YES,YES,0:51,0:54,,,,0:00:51,0:00:54
1,3,,,L,Behavior,YES,YES,0:56,1:21,,,,0:00:56,0:01:21
1,3,,,V,Event,YES,NO,1:21,1:21,,,,0:01:21,0:01:21
1,3,,,U,Music,YES,YES,1:25,1:43,,,,0:01:25,0:01:43
1,3,,,M,Event,YES,NO,2:35,2:38,,,,0:02:35,0:02:38
1,3,,,L,Behavior,YES,NO,2:39,2:40,,,,0:02:39,0:02:40
1,3,,,S,Behavior,YES,NO,2:41,2:47,,,,0:02:41,0:02:47
1,3,,,P,Behavior,YES,NO,5:10,5:13,,,,0:05:10,0:05:13
1,3,,,L,Behavior,YES,NO,5:20,5:25,,,,0:05:20,0:05:25
1,3,,,S,Behavior,YES,NO,5:24,5:31,,,,0:05:24,0:05:31
1,3,,,FP,Behavior,YES,NO,6:19,6:26,,,,0:06:19,0:06:26
1,3,,,M,Event,YES,NO,6:28,6:31,,,,0:06:28,0:06:31
1,3,,,L,Behavior,YES,NO,6:33,6:58,,,,0:06:33,0:06:58
1,3,,,M,Event,YES,NO,6:59,7:02,,,,0:06:59,0:07:02
1,3,,,M,Event,YES,NO,7:22,7:23,,,,0:07:22,0:07:23
1,3,,,FP,Behavior,YES,NO,7:26,7:26,,,,0:07:26,0:07:26
1,3,,,U,Music,YES,YES,7:26,7:41,,,,0:07:26,0:07:41
1,3,,,FP,Behavior,YES,YES,7:29,7:29,,,,0:07:29,0:07:29
1,3,,,U,Music,YES,YES,7:55,8:14,,,,0:07:55,0:08:14
1,3,,,U,Music,YES,YES,8:24,8:41,,,,0:08:24,0:08:41
1,3,,,U,Music,YES,YES,9:11,9:20,,,,0:09:11,0:09:20
1,3,,,V,Event,YES,YES,9:15,9:16,,,,0:09:15,0:09:16
1,3,,,V,Event,YES,YES,9:18,9:18,,,,0:09:18,0:09:18
1,3,,,U,Music,YES,YES,9:34,9:49,,,,0:09:34,0:09:49
2,2,,,L,BEHAVIOR,YES,NO,0:06,0:24,,,,0:00:06,0:00:24
2,2,,,P,BEHAVIOR,YES,NO,0:26,0:27,,,,0:00:26,0:00:27
2,2,,,L,BEHAVIOR,YES,NO,0:31,0:34,,,,0:00:31,0:00:34
2,2,,,V,EVENT,YES,NO,0:48,0:49,,,,0:00:48,0:00:49
2,2,,,P,BEHAVIOR,YES,NO,1:05,1:07,,,,0:01:05,0:01:07
2,2,,,V,EVENT,YES,NO,2:09,2:10,,,,0:02:09,0:02:10
2,2,,,V,EVENT,YES,NO,3:08,3:09,,,,0:03:08,0:03:09
2,2,,,P,BEHAVIOR,YES,NO,5:16,5:30,,,,0:05:16,0:05:30
2,2,,,P,BEHAVIOR,YES,NO,5:31,5:42,,,,0:05:31,0:05:42
2,2,,,M,EVENT,YES,NO,5:44,5:54,,,,0:05:44,0:05:54
2,2,,,NB,BEHAVIOR,YES,NO,5:54,5:58,,,,0:05:54,0:05:58
2,2,,,NB,BEHAVIOR,YES,NO,6:01,6:07,,,,0:06:01,0:06:07
2,2,,,L,BEHAVIOR,YES,NO,6:08,6:10,,,,0:06:08,0:06:10
2,2,,,NB,BEHAVIOR,YES,NO,6:11,6:12,,,,0:06:11,0:06:12
2,2,,,NB,BEHAVIOR,YES,NO,6:13,6:16,,,,0:06:13,0:06:16
2,2,,,NB,BEHAVIOR,YES,NO,6:18,6:23,,,,0:06:18,0:06:23
2,2,,,L,BEHAVIOR,YES,NO,6:25,6:28,,,,0:06:25,0:06:28
2,2,,,NB,BEHAVIOR,YES,NO,6:28,6:34,,,,0:06:28,0:06:34
2,2,,,NB,BEHAVIOR,YES,NO,6:36,6:45,,,,0:06:36,0:06:45
2,2,,,NB,BEHAVIOR,YES,NO,6:47,6:55,,,,0:06:47,0:06:55
2,2,,,P,BEHAVIOR,YES,NO,6:58,7:13,,,,0:06:58,0:07:13
2,2,,,P,BEHAVIOR,YES,NO,7:13,7:21,,,,0:07:13,0:07:21
2,2,,,NB,BEHAVIOR,YES,NO,7:24,7:27,,,,0:07:24,0:07:27
2,2,,,P,BEHAVIOR,YES,NO,7:28,7:41,,,,0:07:28,0:07:41
2,2,,,NB,BEHAVIOR,YES,NO,7:42,7:46,,,,0:07:42,0:07:46
2,2,,,P,BEHAVIOR,YES,NO,7:47,7:55,,,,0:07:47,0:07:55
2,2,,,NB,BEHAVIOR,YES,NO,7:55,8:01,,,,0:07:55,0:08:01
2,2,,,E,BEHAVIOR,YES,NO,8:02,8:22,,,,0:08:02,0:08:22
2,2,,,NB,BEHAVIOR,YES,NO,8:29,8:52,,,,0:08:29,0:08:52
2,2,,,NB,BEHAVIOR,YES,NO,8:52,9:10,,,,0:08:52,0:09:10
2,2,,,M,EVENT,YES,NO,9:12,9:21,,,,0:09:12,0:09:21
2,2,,,NB,BEHAVIOR,YES,NO,9:24,9:25,,,,0:09:24,0:09:25
2,2,,,L,BEHAVIOR,YES,NO,9:27,9:35,,,,0:09:27,0:09:35
2,2,,,L,BEHAVIOR,YES,NO,9:40,9:43,,,,0:09:40,0:09:43
2,2,,,B,EVENT,YES,NO,9:44,9:45,,,,0:09:44,0:09:45
2,2,,,B,EVENT,YES,YES,9:46,9:49,,,,0:09:46,0:09:49
2,2,,,U,MUSIC,YES,YES,9:46,10:31,,,,0:09:46,0:10:31
2,2,,,B,EVENT,YES,YES,9:57,10:00,,,,0:09:57,0:10:00
2,2,,,H,EVENT,YES,YES,10:01,10:03,,,,0:10:01,0:10:03
2,2,,,H,EVENT,YES,YES,10:06,10:07,,,,0:10:06,0:10:07
2,2,,,H,EVENT,YES,YES,10:08,10:10,,,,0:10:08,0:10:10
2,2,,,H,EVENT,YES,YES,10:12,10:13,,,,0:10:12,0:10:13
2,2,,,M,EVENT,YES,YES,10:19,10:20,,,,0:10:19,0:10:20
2,2,,,L,BEHAVIOR,YES,YES,10:21,10:34,,,,0:10:21,0:10:34
2,2,,,L,BEHAVIOR,YES,NO,10:35,11:03,,,,0:10:35,0:11:03
2,2,,,V,EVENT,YES,NO,11:02,11:03,,,,0:11:02,0:11:03
2,2,,,L,BEHAVIOR,YES,NO,11:05,11:06,,,,0:11:05,0:11:06
2,2,,,M,EVENT,YES,NO,11:07,11:11,,,,0:11:07,0:11:11
2,2,,,L,BEHAVIOR,YES,NO,11:12,12:31,,,,0:11:12,0:12:31
2,2,,,V,EVENT,YES,NO,12:31,12:32,,,,0:12:31,0:12:32
2,2,,,FP,BEHAVIOR,YES,NO,12:36,12:37,,,,0:12:36,0:12:37
2,2,,,M,EVENT,YES,NO,13:55,14:10,,,,0:13:55,0:14:10
2,2,,,M,EVENT,YES,NO,14:12,14:16,,,,0:14:12,0:14:16
2,2,,,L,BEHAVIOR,YES,NO,14:16,14:27,,,,0:14:16,0:14:27
2,2,,,M,EVENT,YES,NO,14:28,14:32,,,,0:14:28,0:14:32
2,2,,,E,BEHAVIOR,YES,NO,14:32,14:52,,,,0:14:32,0:14:52
2,2,,,M,EVENT,YES,NO,14:52,14:54,,,,0:14:52,0:14:54
2,2,,,L,BEHAVIOR,YES,NO,14:54,15:53,,,,0:14:54,0:15:53
2,2,,,E,BEHAVIOR,YES,NO,15:54,16:22,,,,0:15:54,0:16:22
2,2,,,M,EVENT,YES,NO,16:26,16:30,,,,0:16:26,0:16:30
2,2,,,L,BEHAVIOR,YES,NO,16:30,16:31,,,,0:16:30,0:16:31
2,2,,,L,BEHAVIOR,YES,NO,16:49,17:15,,,,0:16:49,0:17:15
2,2,,,H,EVENT,YES,NO,17:15,17:16,,,,0:17:15,0:17:16
2,2,,,U,MUSIC,YES,YES,17:17,19:52,,,,0:17:17,0:19:52
2,2,,,L,BEHAVIOR,YES,YES,17:18,17:25,,,,0:17:18,0:17:25
2,2,,,B,EVENT,YES,YES,17:25,17:27,,,,0:17:25,0:17:27
2,2,,,L,BEHAVIOR,YES,YES,17:28,17:45,,,,0:17:28,0:17:45
2,2,,,B,EVENT,YES,YES,17:45,17:48,,,,0:17:45,0:17:48
2,2,,,B,EVENT,YES,YES,17:50,17:51,,,,0:17:50,0:17:51
2,2,,,V,EVENT,YES,YES,17:54,17:55,,,,0:17:54,0:17:55
2,2,,,B,EVENT,YES,YES,17:56,17:58,,,,0:17:56,0:17:58
2,2,,,H,EVENT,YES,YES,18:01,18:02,,,,0:18:01,0:18:02
2,2,,,L,BEHAVIOR,YES,YES,18:07,18:10,,,,0:18:07,0:18:10
2,2,,,B,EVENT,YES,YES,18:10,18:13,,,,0:18:10,0:18:13
2,2,,,H,EVENT,YES,YES,18:14,18:18,,,,0:18:14,0:18:18
2,2,,,L,BEHAVIOR,YES,YES,18:18,18:20,,,,0:18:18,0:18:20
2,2,,,H,EVENT,YES,YES,18:21,18:24,,,,0:18:21,0:18:24
2,2,,,B,EVENT,YES,YES,18:28,18:30,,,,0:18:28,0:18:30
2,2,,,B,EVENT,YES,YES,18:34,18:36,,,,0:18:34,0:18:36
2,2,,,H,EVENT,YES,YES,18:39,18:40,,,,0:18:39,0:18:40
2,2,,,H,EVENT,YES,YES,18:44,18:48,,,,0:18:44,0:18:48
2,2,,,B,EVENT,YES,YES,18:49,18:51,,,,0:18:49,0:18:51
2,2,,,H,EVENT,YES,YES,18:53,18:53,,,,0:18:53,0:18:53
2,2,,,B,EVENT,YES,YES,18:56,18:58,,,,0:18:56,0:18:58
2,2,,,H,EVENT,YES,YES,19:00,19:01,,,,0:19:00,0:19:01
2,2,,,B,EVENT,YES,YES,19:05,19:11,,,,0:19:05,0:19:11
2,2,,,M,EVENT,YES,YES,19:13,19:17,,,,0:19:13,0:19:17
2,2,,,B,EVENT,YES,YES,19:18,19:22,,,,0:19:18,0:19:22
2,2,,,M,EVENT,YES,YES,19:22,19:26,,,,0:19:22,0:19:26
2,2,,,B,EVENT,YES,YES,19:27,19:30,,,,0:19:27,0:19:30
2,2,,,M,EVENT,YES,YES,19:33,19:38,,,,0:19:33,0:19:38
2,2,,,B,EVENT,YES,YES,19:39,19:41,,,,0:19:39,0:19:41
2,2,,,B,EVENT,YES,YES,19:44,19:45,,,,0:19:44,0:19:45
2,2,,,E,BEHAVIOR,YES,YES,19:50,20:03,,,,0:19:50,0:20:03
2,2,,,B,EVENT,YES,NO,20:03,20:05,,,,0:20:03,0:20:05
2,2,,,E,BEHAVIOR,YES,YES,20:06,20:36,,,,0:20:06,0:20:36
2,2,,,U,MUSIC,YES,YES,20:24,20:41,,,,0:20:24,0:20:41
2,2,,,E,BEHAVIOR,YES,NO,20:41,21:08,,,,0:20:41,0:21:08
2,2,,,B,EVENT,YES,NO,21:10,21:18,,,,0:21:10,0:21:18
2,2,,,U,MUSIC,YES,YES,21:13,21:52,,,,0:21:13,0:21:52
2,2,,,B,EVENT,YES,YES,21:22,21:25,,,,0:21:22,0:21:25
2,2,,,NB,BEHAVIOR,YES,YES,21:26,21:34,,,,0:21:26,0:21:34
2,2,,,B,EVENT,YES,YES,21:34,21:37,,,,0:21:34,0:21:37
2,2,,,B,EVENT,YES,YES,21:38,21:40,,,,0:21:38,0:21:40
2,2,,,L,BEHAVIOR,YES,YES,21:41,21:52,,,,0:21:41,0:21:52
2,2,,,NB,BEHAVIOR,YES,NO,21:53,21:57,,,,0:21:53,0:21:57
2,2,,,M,EVENT,YES,NO,21:58,22:01,,,,0:21:58,0:22:01
2,2,,,B,EVENT,YES,NO,22:02,22:03,,,,0:22:02,0:22:03
2,2,,,U,MUSIC,YES,YES,22:04,22:30,,,,0:22:04,0:22:30
2,2,,,NB,BEHAVIOR,YES,YES,22:05,22:10,,,,0:22:05,0:22:10
2,2,,,H,EVENT,YES,YES,22:14,22:14,,,,0:22:14,0:22:14
2,2,,,H,EVENT,YES,YES,22:17,22:18,,,,0:22:17,0:22:18
2,2,,,H,EVENT,YES,YES,22:21,22:22,,,,0:22:21,0:22:22
2,2,,,H,EVENT,YES,YES,22:22,22:25,,,,0:22:22,0:22:25
2,2,,,NB,BEHAVIOR,YES,NO,22:55,22:58,,,,0:22:55,0:22:58
2,2,,,L,BEHAVIOR,YES,NO,23:00,23:45,,,,0:23:00,0:23:45
2,2,,,L,BEHAVIOR,YES,NO,23:52,23:58,,,,0:23:52,0:23:58
2,2,,,M,EVENT,YES,NO,23:59,24:04:00,,,,0:23:59,0:24:04
2,2,,,FP,BEHAVIOR,YES,NO,24:06:00,24:07:00,,,,0:24:06,0:24:07
2,2,,,L,BEHAVIOR,YES,NO,24:08:00,24:39:00,,,,0:24:08,0:24:39
2,2,,,P,BEHAVIOR,YES,NO,24:40:00,24:49:00,,,,0:24:40,0:24:49
2,2,,,V,EVENT,YES,NO,24:52:00,24:54:00,,,,0:24:52,0:24:54
2,2,,,L,BEHAVIOR,YES,NO,24:55:00,25:41:00,,,,0:24:55,0:25:41
2,2,,,M,EVENT,YES,NO,25:46:00,25:53:00,,,,0:25:46,0:25:53
2,2,,,L,BEHAVIOR,YES,NO,25:54:00,27:30:00,,,,0:25:54,0:27:30
2,2,,,H,EVENT,YES,NO,27:31:00,27:32:00,,,,0:27:31,0:27:32
2,2,,,P,BEHAVIOR,YES,NO,27:34:00,27:35:00,,,,0:27:34,0:27:35
2,2,,,L,BEHAVIOR,YES,NO,27:37:00,28:15:00,,,,0:27:37,0:28:15
2,2,,,M,EVENT,YES,NO,28:16:00,28:29:00,,,,0:28:16,0:28:29
2,2,,,NB,BEHAVIOR,YES,NO,28:30:00,28:32:00,,,,0:28:30,0:28:32
2,2,,,M,EVENT,YES,NO,28:33:00,28:38:00,,,,0:28:33,0:28:38
2,2,,,E,BEHAVIOR,YES,NO,28:39:00,29:56:00,,,,0:28:39,0:29:56
2,2,,,M,EVENT,YES,NO,30:00:00,30:03:00,,,,0:30:00,0:30:03
2,2,,,M,EVENT,YES,NO,30:06:00,30:21:00,,,,0:30:06,0:30:21
2,2,,,E,BEHAVIOR,YES,NO,30:21:00,31:29:00,,,,0:30:21,0:31:29
2,2,,,NB,BEHAVIOR,YES,NO,31:36:00,31:38:00,,,,0:31:36,0:31:38
2,2,,,NB,BEHAVIOR,YES,NO,31:46:00,31:59:00,,,,0:31:46,0:31:59
2,2,,,M,EVENT,YES,NO,32:07:00,32:08:00,,,,0:32:07,0:32:08
2,2,,,NB,BEHAVIOR,YES,NO,32:09:00,32:14:00,,,,0:32:09,0:32:14
2,2,,,M,EVENT,YES,NO,32:14:00,32:20:00,,,,0:32:14,0:32:20
2,2,,,L,BEHAVIOR,YES,NO,32:20:00,32:48:00,,,,0:32:20,0:32:48
2,2,,,L,BEHAVIOR,YES,NO,32:52:00,33:01:00,,,,0:32:52,0:33:01
2,2,,,U,MUSIC,YES,YES,32:53:00,33:15:00,,,,0:32:53,0:33:15
2,2,,,L,BEHAVIOR,YES,YES,33:09:00,33:12:00,,,,0:33:09,0:33:12
2,2,,,L,BEHAVIOR,YES,NO,33:20:00,33:28:00,,,,0:33:20,0:33:28
2,2,,,L,BEHAVIOR,YES,NO,33:31:00,33:37:00,,,,0:33:31,0:33:37
2,2,,,B,EVENT,YES,NO,33:38:00,33:40:00,,,,0:33:38,0:33:40
2,2,,,U,MUSIC,YES,YES,33:41:00,34:33:00,,,,0:33:41,0:34:33
2,2,,,L,BEHAVIOR,YES,YES,33:43:00,33:50:00,,,,0:33:43,0:33:50
2,2,,,B,EVENT,YES,YES,33:53:00,33:57:00,,,,0:33:53,0:33:57
2,2,,,B,EVENT,YES,YES,33:57:00,33:59:00,,,,0:33:57,0:33:59
2,2,,,L,BEHAVIOR,YES,YES,34:01:00,34:03:00,,,,0:34:01,0:34:03
2,2,,,H,EVENT,YES,YES,34:03:00,34:04:00,,,,0:34:03,0:34:04
2,2,,,H,EVENT,YES,YES,34:13:00,34:14:00,,,,0:34:13,0:34:14
2,2,,,L,BEHAVIOR,YES,YES,34:15:00,34:18:00,,,,0:34:15,0:34:18
2,2,,,H,EVENT,YES,YES,34:18:00,34:20:00,,,,0:34:18,0:34:20
2,2,,,V,EVENT,YES,YES,34:23:00,34:24:00,,,,0:34:23,0:34:24
2,2,,,L,BEHAVIOR,YES,YES,34:25:00,34:32:00,,,,0:34:25,0:34:32
2,2,,,M,EVENT,YES,YES,34:48:00,34:54:00,,,,0:34:48,0:34:54
2,2,,,V,EVENT,YES,NO,34:55:00,34:56:00,,,,0:34:55,0:34:56
2,2,,,FP,BEHAVIOR,YES,NO,35:09:00,35:10:00,,,,0:35:09,0:35:10
2,2,,,P,BEHAVIOR,YES,NO,37:59:00,38:08:00,,,,0:37:59,0:38:08
2,2,,,M,EVENT,YES,NO,38:09:00,38:15:00,,,,0:38:09,0:38:15
2,2,,,L,BEHAVIOR,YES,NO,38:16:00,38:17:00,,,,0:38:16,0:38:17
2,2,,,M,EVENT,YES,NO,38:22:00,38:26:00,,,,0:38:22,0:38:26
2,2,,,U,MUSIC,YES,YES,38:25:00,38:43:00,,,,0:38:25,0:38:43
2,2,,,V,EVENT,YES,YES,38:33:00,38:34:00,,,,0:38:33,0:38:34
2,2,,,L,BEHAVIOR,YES,YES,38:35:00,39:19:00,,,,0:38:35,0:39:19
2,2,,,FP,BEHAVIOR,YES,NO,39:22:00,39:23:00,,,,0:39:22,0:39:23
2,2,,,M,EVENT,YES,NO,39:34:00,39:40:00,,,,0:39:34,0:39:40
2,2,,,L,BEHAVIOR,YES,YES,39:41:00,39:59:00,,,,0:39:41,0:39:59
2,2,,,U,MUSIC,YES,YES,39:42:00,40:01:00,,,,0:39:42,0:40:01
2,2,,,B,EVENT,YES,NO,42:57:00,43:01:00,,,,0:42:57,0:43:01
2,2,,,B,EVENT,YES,NO,43:05:00,43:08:00,,,,0:43:05,0:43:08
2,2,,,U,MUSIC,YES,YES,43:06:00,43:48:00,,,,0:43:06,0:43:48
2,2,,,B,EVENT,YES,YES,43:11:00,43:17:00,,,,0:43:11,0:43:17
2,2,,,B,EVENT,YES,YES,43:29:00,43:31:00,,,,0:43:29,0:43:31
2,2,,,M,EVENT,YES,NO,44:28:00,44:41:00,,,,0:44:28,0:44:41
2,2,,,L,BEHAVIOR,YES,NO,44:47:00,45:55:00,,,,0:44:47,0:45:55
2,2,,,L,BEHAVIOR,YES,NO,46:01:00,47:20:00,,,,0:46:01,0:47:20
2,2,,,L,BEHAVIOR,YES,NO,47:22:00,48:45:00,,,,0:47:22,0:48:45
2,3,,,L,BEHAVIOR,YES,NO,0:01,2:25,,,,0:00:01,0:02:25
2,3,,,L,BEHAVIOR,YES,NO,2:28,2:46,,,,0:02:28,0:02:46
2,3,,,U,MUSIC,YES,YES,2:49,3:01,,,,0:02:49,0:03:01
2,3,,,P,BEHAVIOR,YES,NO,3:23,3:29,,,,0:03:23,0:03:29
2,3,,,U,MUSIC,YES,YES,3:33,3:45,,,,0:03:33,0:03:45
2,3,,,L,BEHAVIOR,YES,YES,3:34,3:49,,,,0:03:34,0:03:49
2,3,,,FP,BEHAVIOR,YES,NO,3:51,3:52,,,,0:03:51,0:03:52
2,3,,,L,BEHAVIOR,YES,NO,3:54,4:39,,,,0:03:54,0:04:39
2,3,,,N,EVENT,YES,NO,4:39,4:40,,,,0:04:39,0:04:40
2,3,,,U,MUSIC,YES,YES,4:40,4:58,,,,0:04:40,0:04:58
2,3,,,L,BEHAVIOR,YES,YES,4:41,4:45,,,,0:04:41,0:04:45
2,3,,,L,BEHAVIOR,YES,NO,5:04,6:28,,,,0:05:04,0:06:28
2,3,,,P,BEHAVIOR,YES,NO,6:28,6:36,,,,0:06:28,0:06:36
2,3,,,V,EVENT,YES,NO,6:36,6:37,,,,0:06:36,0:06:37
2,3,,,U,MUSIC,YES,YES,6:37,6:51,,,,0:06:37,0:06:51
2,3,,,L,BEHAVIOR,YES,YES,6:38,8:50,,,,0:06:38,0:08:50
2,3,,,B,EVENT,YES,NO,9:48,9:49,,,,0:09:48,0:09:49
2,3,,,U,MUSIC,YES,YES,9:50,10:03,,,,0:09:50,0:10:03
2,3,,,N,EVENT,YES,NO,10:52,10:53,,,,0:10:52,0:10:53
2,3,,,U,MUSIC,YES,YES,10:55,11:18,,,,0:10:55,0:11:18
2,3,,,M,EVENT,YES,YES,11:00,11:03,,,,0:11:00,0:11:03
2,3,,,FP,BEHAVIOR,YES,YES,11:06,11:08,,,,0:11:06,0:11:08
2,3,,,L,BEHAVIOR,YES,YES,11:09,12:01,,,,0:11:09,0:12:01
2,3,,,P,BEHAVIOR,YES,NO,12:02,12:05,,,,0:12:02,0:12:05
2,3,,,L,BEHAVIOR,YES,NO,12:06,12:43,,,,0:12:06,0:12:43
2,3,,,L,BEHAVIOR,YES,NO,12:45,12:59,,,,0:12:45,0:12:59
2,3,,,M,EVENT,YES,NO,12:59,13:00,,,,0:12:59,0:13:00
2,3,,,L,BEHAVIOR,YES,NO,13:01,13:31,,,,0:13:01,0:13:31
2,3,,,M,EVENT,YES,NO,13:31,13:37,,,,0:13:31,0:13:37
2,3,,,NB,BEHAVIOR,YES,NO,13:40,13:43,,,,0:13:40,0:13:43
2,3,,,M,EVENT,YES,NO,13:44,13:48,,,,0:13:44,0:13:48
2,3,,,B,EVENT,YES,NO,13:49,13:49,,,,0:13:49,0:13:49
2,3,,,U,MUSIC,YES,YES,13:51,14:23,,,,0:13:51,0:14:23
2,3,,,H,EVENT,YES,YES,13:51,13:52,,,,0:13:51,0:13:52
2,3,,,H,EVENT,YES,YES,13:53,13:58,,,,0:13:53,0:13:58
2,3,,,B,EVENT,YES,YES,14:07,14:08,,,,0:14:07,0:14:08
2,3,,,N,EVENT,YES,YES,14:11,14:12,,,,0:14:11,0:14:12
2,3,,,V,EVENT,YES,NO,15:43,15:44,,,,0:15:43,0:15:44
2,3,,,M,EVENT,YES,NO,16:44,16:50,,,,0:16:44,0:16:50
2,3,,,L,BEHAVIOR,YES,NO,16:52,16:54,,,,0:16:52,0:16:54
2,3,,,L,BEHAVIOR,YES,NO,16:54,17:14,,,,0:16:54,0:17:14
2,3,,,FP,BEHAVIOR,YES,NO,16:55,16:57,,,,0:16:55,0:16:57
2,3,,,V,EVENT,YES,NO,17:15,17:16,,,,0:17:15,0:17:16
2,3,,,L,BEHAVIOR,YES,NO,17:16,19:39,,,,0:17:16,0:19:39
2,3,,,U,MUSIC,YES,YES,19:00,19:20,,,,0:19:00,0:19:20
2,3,,,V,EVENT,YES,YES,19:05,19:05,,,,0:19:05,0:19:05
2,3,,,V,EVENT,YES,YES,19:18,19:19,,,,0:19:18,0:19:19
2,3,,,V,EVENT,YES,NO,19:28,19:29,,,,0:19:28,0:19:29
2,3,,,M,EVENT,YES,NO,19:39,19:44,,,,0:19:39,0:19:44
2,3,,,L,BEHAVIOR,YES,NO,19:46,19:57,,,,0:19:46,0:19:57
2,3,,,V,EVENT,YES,NO,20:03,20:04,,,,0:20:03,0:20:04
2,3,,,V,EVENT,YES,NO,20:20,20:20,,,,0:20:20,0:20:20
2,3,,,V,EVENT,YES,NO,20:38,20:38,,,,0:20:38,0:20:38
2,3,,,V,EVENT,YES,NO,20:50,20:51,,,,0:20:50,0:20:51
2,3,,,M,EVENT,YES,NO,21:06,21:11,,,,0:21:06,0:21:11
2,3,,,M,EVENT,YES,NO,21:12,21:15,,,,0:21:12,0:21:15
2,3,,,L,BEHAVIOR,YES,NO,21:17,21:26,,,,0:21:17,0:21:26
2,3,,,FP,BEHAVIOR,YES,NO,21:27,21:28,,,,0:21:27,0:21:28
2,3,,,P,BEHAVIOR,YES,NO,21:30,21:35,,,,0:21:30,0:21:35
2,3,,,L,BEHAVIOR,YES,NO,21:36,21:50,,,,0:21:36,0:21:50
2,3,,,L,BEHAVIOR,YES,NO,21:52,22:50,,,,0:21:52,0:22:50
2,3,,,L,BEHAVIOR,YES,NO,22:52,24:01:00,,,,0:22:52,0:24:01
2,3,,,P,BEHAVIOR,YES,NO,24:01:00,24:04:00,,,,0:24:01,0:24:04
2,3,,,L,BEHAVIOR,YES,NO,24:05:00,24:07:00,,,,0:24:05,0:24:07
2,3,,,P,BEHAVIOR,YES,NO,24:07:00,24:11:00,,,,0:24:07,0:24:11
2,3,,,L,BEHAVIOR,YES,NO,24:11:00,24:14:00,,,,0:24:11,0:24:14
2,3,,,V,EVENT,YES,NO,24:17:00,24:17:00,,,,0:24:17,0:24:17
2,3,,,L,BEHAVIOR,YES,NO,24:17:00,25:01:00,,,,0:24:17,0:25:01
2,3,,,L,BEHAVIOR,YES,NO,25:24:00,26:26:00,,,,0:25:24,0:26:26
2,3,,,L,BEHAVIOR,YES,NO,26:27:00,26:56:00,,,,0:26:27,0:26:56
2,3,,,M,EVENT,YES,NO,26:57:00,27:02:00,,,,0:26:57,0:27:02
2,3,,,L,BEHAVIOR,YES,NO,27:04:00,27:10:00,,,,0:27:04,0:27:10
2,3,,,M,EVENT,YES,NO,27:10:00,27:14:00,,,,0:27:10,0:27:14
2,3,,,L,BEHAVIOR,YES,NO,27:14:00,27:33:00,,,,0:27:14,0:27:33
2,3,,,M,EVENT,YES,NO,27:33:00,27:35:00,,,,0:27:33,0:27:35
2,3,,,L,BEHAVIOR,YES,NO,27:36:00,27:49:00,,,,0:27:36,0:27:49
2,3,,,H,EVENT,YES,NO,27:49:00,27:51:00,,,,0:27:49,0:27:51
2,3,,,M,EVENT,YES,NO,27:51:00,27:54:00,,,,0:27:51,0:27:54
2,3,,,U,MUSIC,YES,YES,27:52:00,28:08:00,,,,0:27:52,0:28:08
2,3,,,H,EVENT,YES,YES,27:55:00,27:59:00,,,,0:27:55,0:27:59
2,3,,,M,EVENT,YES,NO,28:10:00,28:21:00,,,,0:28:10,0:28:21
2,3,,,M,EVENT,YES,NO,28:32:00,28:35:00,,,,0:28:32,0:28:35
2,3,,,L,BEHAVIOR,YES,NO,28:36:00,28:44:00,,,,0:28:36,0:28:44
2,3,,,H,EVENT,YES,NO,28:44:00,28:45:00,,,,0:28:44,0:28:45
2,3,,,U,MUSIC,YES,YES,28:47:00,29:02:00,,,,0:28:47,0:29:02
2,3,,,V,EVENT,YES,YES,28:50:00,28:51:00,,,,0:28:50,0:28:51
2,3,,,M,EVENT,YES,NO,29:06:00,29:11:00,,,,0:29:06,0:29:11
2,3,,,V,EVENT,YES,NO,29:13:00,29:14:00,,,,0:29:13,0:29:14
2,3,,,U,MUSIC,YES,YES,29:15:00,29:28:00,,,,0:29:15,0:29:28
2,3,,,H,EVENT,YES,YES,29:16:00,29:17:00,,,,0:29:16,0:29:17
2,3,,,L,BEHAVIOR,YES,YES,29:17:00,29:35:00,,,,0:29:17,0:29:35
2,3,,,L,BEHAVIOR,YES,NO,29:36:00,29:51:00,,,,0:29:36,0:29:51
2,3,,,M,EVENT,YES,NO,29:52:00,29:55:00,,,,0:29:52,0:29:55
2,3,,,L,BEHAVIOR,YES,NO,29:55:00,30:53:00,,,,0:29:55,0:30:53
2,3,,,V,EVENT,YES,NO,30:04:00,30:04:00,,,,0:30:04,0:30:04
2,3,,,V,EVENT,YES,NO,30:19:00,30:20:00,,,,0:30:19,0:30:20
2,3,,,V,EVENT,YES,NO,30:35:00,30:36:00,,,,0:30:35,0:30:36
2,3,,,V,EVENT,YES,NO,30:53:00,30:54:00,,,,0:30:53,0:30:54
2,3,,,U,MUSIC,YES,YES,30:55:00,31:24:00,,,,0:30:55,0:31:24
2,3,,,P,BEHAVIOR,YES,YES,30:56:00,31:02:00,,,,0:30:56,0:31:02
2,3,,,H,EVENT,YES,YES,31:03:00,31:04:00,,,,0:31:03,0:31:04
2,3,,,L,BEHAVIOR,YES,YES,31:09:00,33:03:00,,,,0:31:09,0:33:03
2,3,,,V,EVENT,YES,NO,31:42:00,31:43:00,,,,0:31:42,0:31:43
2,3,,,V,EVENT,YES,NO,32:43:00,32:43:00,,,,0:32:43,0:32:43
2,3,,,V,EVENT,YES,NO,33:04:00,33:04:00,,,,0:33:04,0:33:04
2,3,,,U,MUSIC,YES,YES,33:05:00,33:14:00,,,,0:33:05,0:33:14
2,3,,,L,BEHAVIOR,YES,NO,33:05:00,34:42:00,,,,0:33:05,0:34:42
2,3,,,V,EVENT,YES,NO,33:16:00,33:16:00,,,,0:33:16,0:33:16
2,3,,,V,EVENT,YES,NO,33:31:00,33:32:00,,,,0:33:31,0:33:32
2,3,,,V,EVENT,YES,NO,33:46:00,33:46:00,,,,0:33:46,0:33:46
2,3,,,V,EVENT,YES,NO,33:59:00,33:60,,,,0:33:59,0.023611111
2,3,,,V,EVENT,YES,NO,34:32:00,34:33:00,,,,0:34:32,0:34:33
2,3,,,M,EVENT,YES,NO,34:43:00,34:44:00,,,,0:34:43,0:34:44
2,3,,,L,BEHAVIOR,YES,NO,34:44:00,34:56:00,,,,0:34:44,0:34:56
2,3,,,V,EVENT,YES,NO,35:05:00,35:06:00,,,,0:35:05,0:35:06
2,3,,,L,BEHAVIOR,YES,NO,35:06:00,35:15:00,,,,0:35:06,0:35:15
2,3,,,U,MUSIC,YES,YES,35:16:00,35:35:00,,,,0:35:16,0:35:35
2,3,,,V,EVENT,YES,NO,35:16:00,35:16:00,,,,0:35:16,0:35:16
2,3,,,L,BEHAVIOR,YES,YES,35:18:00,36:15:00,,,,0:35:18,0:36:15
2,3,,,V,EVENT,YES,NO,36:13:00,36:13:00,,,,0:36:13,0:36:13
2,3,,,L,BEHAVIOR,YES,NO,36:16:00,36:35:00,,,,0:36:16,0:36:35
2,3,,,M,EVENT,YES,NO,36:35:00,36:37:00,,,,0:36:35,0:36:37
2,3,,,B,EVENT,YES,NO,36:38:00,36:38:00,,,,0:36:38,0:36:38
2,3,,,U,MUSIC,YES,YES,36:39:00,37:24:00,,,,0:36:39,0:37:24
2,3,,,V,EVENT,YES,YES,36:43:00,36:43:00,,,,0:36:43,0:36:43
2,3,,,L,BEHAVIOR,YES,YES,36:46:00,36:48:00,,,,0:36:46,0:36:48
2,3,,,B,EVENT,YES,YES,36:48:00,36:49:00,,,,0:36:48,0:36:49
2,3,,,B,EVENT,YES,YES,36:54:00,37:03:00,,,,0:36:54,0:37:03
2,3,,,B,EVENT,YES,YES,37:06:00,37:09:00,,,,0:37:06,0:37:09
2,3,,,V,EVENT,YES,YES,37:15:00,37:15:00,,,,0:37:15,0:37:15
2,3,,,M,EVENT,YES,YES,37:17:00,37:18:00,,,,0:37:17,0:37:18
2,3,,,L,BEHAVIOR,YES,YES,37:18:00,37:46:00,,,,0:37:18,0:37:46
2,3,,,V,EVENT,YES,NO,37:35:00,37:36:00,,,,0:37:35,0:37:36
2,3,,,M,EVENT,YES,NO,37:46:00,37:53:00,,,,0:37:46,0:37:53
2,3,,,L,BEHAVIOR,YES,NO,37:53:00,40:08:00,,,,0:37:53,0:40:08
2,3,,,V,EVENT,YES,NO,38:03:00,38:04:00,,,,0:38:03,0:38:04
2,3,,,V,EVENT,YES,NO,38:26:00,38:27:00,,,,0:38:26,0:38:27
2,3,,,V,EVENT,YES,NO,39:25:00,39:26:00,,,,0:39:25,0:39:26
2,3,,,P,BEHAVIOR,YES,NO,40:08:00,40:16:00,,,,0:40:08,0:40:16
2,3,,,L,BEHAVIOR,YES,NO,40:19:00,40:27:00,,,,0:40:19,0:40:27
2,3,,,U,MUSIC,YES,YES,40:23:00,40:43:00,,,,0:40:23,0:40:43
2,3,,,M,EVENT,YES,YES,40:27:00,40:29:00,,,,0:40:27,0:40:29
2,3,,,V,EVENT,YES,YES,40:30:00,40:31:00,,,,0:40:30,0:40:31
2,3,,,L,BEHAVIOR,YES,YES,40:34:00,40:55:00,,,,0:40:34,0:40:55
2,3,,,P,BEHAVIOR,YES,NO,40:53:00,41:01:00,,,,0:40:53,0:41:01
2,3,,,M,EVENT,YES,NO,41:04:00,41:06:00,,,,0:41:04,0:41:06
2,3,,,L,BEHAVIOR,YES,NO,41:07:00,41:56:00,,,,0:41:07,0:41:56
2,3,,,P,BEHAVIOR,YES,NO,41:08:00,41:44:00,,,,0:41:08,0:41:44
2,3,,,P,BEHAVIOR,YES,NO,41:45:00,41:56:00,,,,0:41:45,0:41:56
2,3,,,M,EVENT,YES,NO,41:56:00,41:58:00,,,,0:41:56,0:41:58
2,3,,,P,BEHAVIOR,YES,NO,42:02:00,42:53:00,,,,0:42:02,0:42:53
2,3,,,P,BEHAVIOR,YES,NO,43:03:00,43:20:00,,,,0:43:03,0:43:20
2,3,,,FP,BEHAVIOR,YES,NO,43:21:00,43:23:00,,,,0:43:21,0:43:23
2,3,,,M,EVENT,YES,NO,43:56:00,43:59:00,,,,0:43:56,0:43:59
2,3,,,L,BEHAVIOR,YES,NO,44:00:00,44:11:00,,,,0:44:00,0:44:11
2,3,,,M,EVENT,YES,NO,44:12:00,44:15:00,,,,0:44:12,0:44:15
2,3,,,L,BEHAVIOR,YES,NO,45:04:00,45:14:00,,,,0:45:04,0:45:14
2,3,,,L,BEHAVIOR,YES,NO,45:15:00,45:17:00,,,,0:45:15,0:45:17
2,3,,,L,BEHAVIOR,YES,NO,45:20:00,45:39:00,,,,0:45:20,0:45:39
2,3,,,M,EVENT,YES,NO,45:40:00,45:47:00,,,,0:45:40,0:45:47
2,3,,,L,BEHAVIOR,YES,NO,45:49:00,45:58:00,,,,0:45:49,0:45:58
2,3,,,M,EVENT,YES,NO,45:59:00,46:03:00,,,,0:45:59,0:46:03
2,3,,,L,BEHAVIOR,YES,NO,46:03:00,46:06:00,,,,0:46:03,0:46:06
2,3,,,L,BEHAVIOR,YES,NO,49:04:00,49:22:00,,,,0:49:04,0:49:22
2,3,,,M,EVENT,YES,NO,49:22:00,49:28:00,,,,0:49:22,0:49:28
2,3,,,M,EVENT,YES,NO,49:30:00,49:32:00,,,,0:49:30,0:49:32
2,3,,,L,BEHAVIOR,YES,NO,49:32:00,49:41:00,,,,0:49:32,0:49:41
2,3,,,M,EVENT,YES,NO,49:41:00,49:46:00,,,,0:49:41,0:49:46
2,3,,,L,BEHAVIOR,YES,NO,49:47:00,50:18:00,,,,0:49:47,0:50:18
2,3,,,M,EVENT,YES,NO,50:18:00,50:21:00,,,,0:50:18,0:50:21
2,3,,,NB,BEHAVIOR,YES,NO,50:22:00,50:26:00,,,,0:50:22,0:50:26
2,3,,,B,EVENT,YES,NO,50:26:00,50:27:00,,,,0:50:26,0:50:27
2,3,,,U,MUSIC,YES,YES,50:28:00,51:45:00,,,,0:50:28,0:51:45
2,3,,,B,EVENT,YES,YES,50:35:00,50:39:00,,,,0:50:35,0:50:39
2,3,,,M,EVENT,YES,YES,50:40:00,50:45:00,,,,0:50:40,0:50:45
2,3,,,B,EVENT,YES,YES,50:48:00,50:50:00,,,,0:50:48,0:50:50
2,3,,,N,EVENT,YES,YES,50:53:00,50:54:00,,,,0:50:53,0:50:54
2,3,,,B,EVENT,YES,YES,50:56:00,51:02:00,,,,0:50:56,0:51:02
2,3,,,N,EVENT,YES,YES,51:07:00,51:08:00,,,,0:51:07,0:51:08
2,3,,,H,EVENT,YES,YES,51:12:00,51:14:00,,,,0:51:12,0:51:14
2,3,,,B,EVENT,YES,YES,51:16:00,51:18:00,,,,0:51:16,0:51:18
2,3,,,H,EVENT,YES,YES,51:19:00,51:20:00,,,,0:51:19,0:51:20
2,3,,,B,EVENT,YES,YES,51:22:00,51:25:00,,,,0:51:22,0:51:25
2,3,,,H,EVENT,YES,YES,51:27:00,51:30:00,,,,0:51:27,0:51:30
2,3,,,L,BEHAVIOR,YES,YES,51:32:00,51:38:00,,,,0:51:32,0:51:38
2,3,,,M,EVENT,YES,NO,51:56:00,51:58:00,,,,0:51:56,0:51:58
2,3,,,L,BEHAVIOR,YES,NO,51:58:00,52:05:00,,,,0:51:58,0:52:05
2,3,,,V,EVENT,YES,NO,52:00:00,52:01:00,,,,0:52:00,0:52:01
2,3,,,M,EVENT,YES,NO,52:06:00,52:09:00,,,,0:52:06,0:52:09
2,3,,,B,EVENT,YES,NO,52:10:00,52:11:00,,,,0:52:10,0:52:11
2,3,,,V,EVENT,YES,NO,52:11:00,52:11:00,,,,0:52:11,0:52:11
2,3,,,U,MUSIC,YES,YES,52:12:00,53:09:00,,,,0:52:12,0:53:09
2,3,,,B,EVENT,YES,YES,52:14:00,52:20:00,,,,0:52:14,0:52:20
2,3,,,B,EVENT,YES,YES,52:21:00,52:23:00,,,,0:52:21,0:52:23
2,3,,,V,EVENT,YES,YES,52:28:00,52:29:00,,,,0:52:28,0:52:29
2,3,,,N,EVENT,YES,YES,52:32:00,52:33:00,,,,0:52:32,0:52:33
2,3,,,M,EVENT,YES,YES,52:34:00,52:36:00,,,,0:52:34,0:52:36
2,3,,,V,EVENT,YES,YES,52:35:00,52:36:00,,,,0:52:35,0:52:36
2,3,,,B,EVENT,YES,YES,52:36:00,52:37:00,,,,0:52:36,0:52:37
2,3,,,L,BEHAVIOR,YES,YES,52:47:00,52:49:00,,,,0:52:47,0:52:49
2,3,,,N,EVENT,YES,YES,52:49:00,52:50:00,,,,0:52:49,0:52:50
2,3,,,V,EVENT,YES,YES,52:54:00,52:55:00,,,,0:52:54,0:52:55
2,3,,,L,BEHAVIOR,YES,YES,52:55:00,53:12:00,,,,0:52:55,0:53:12
2,3,,,V,EVENT,YES,YES,53:00:00,53:01:00,,,,0:53:00,0:53:01
2,3,,,V,EVENT,YES,NO,53:11:00,53:11:00,,,,0:53:11,0:53:11
2,3,,,M,EVENT,YES,NO,53:13:00,53:19:00,,,,0:53:13,0:53:19
2,3,,,L,BEHAVIOR,YES,NO,53:19:00,54:39:00,,,,0:53:19,0:54:39
2,3,,,V,EVENT,YES,NO,53:24:00,53:24:00,,,,0:53:24,0:53:24
2,3,,,V,EVENT,YES,NO,53:58:00,53:59:00,,,,0:53:58,0:53:59
2,3,,,V,EVENT,YES,NO,54:35:00,54:36:00,,,,0:54:35,0:54:36
2,3,,,V,EVENT,YES,NO,54:49:00,54:50:00,,,,0:54:49,0:54:50
2,3,,,L,BEHAVIOR,YES,NO,54:59:00,57:12:00,,,,0:54:59,0:57:12
2,3,,,V,EVENT,YES,NO,55:06:00,55:07:00,,,,0:55:06,0:55:07
2,3,,,V,EVENT,YES,NO,55:20:00,55:21:00,,,,0:55:20,0:55:21
2,3,,,M,EVENT,YES,NO,57:12:00,57:19:00,,,,0:57:12,0:57:19
2,3,,,L,BEHAVIOR,YES,NO,57:20:00,57:52:00,,,,0:57:20,0:57:52
2,3,,,L,BEHAVIOR,YES,NO,57:53:00,59:50:00,,,,0:57:53,0:59:50
2,3,,,P,BEHAVIOR,YES,NO,61:08:00,61:18:00,,,,1:01:08,1:01:18
2,3,,,L,BEHAVIOR,YES,NO,61:29:00,62:27:00,,,,1:01:29,1:02:27
2,3,,,V,EVENT,YES,NO,62:43:00,62:44:00,,,,1:02:43,1:02:44
2,3,,,V,EVENT,YES,NO,63:14:00,63:15:00,,,,1:03:14,1:03:15
2,3,,,M,EVENT,YES,NO,63:18:00,63:20:00,,,,1:03:18,1:03:20
2,3,,,P,BEHAVIOR,YES,NO,63:20:00,63:59:00,,,,1:03:20,1:03:59
2,3,,,P,BEHAVIOR,YES,NO,64:01:00,64:36:00,,,,1:04:01,1:04:36
2,3,,,L,BEHAVIOR,YES,NO,64:36:00,64:43:00,,,,1:04:36,1:04:43
2,3,,,V,EVENT,YES,NO,64:43:00,64:44:00,,,,1:04:43,1:04:44
2,3,,,U,MUSIC,YES,YES,64:46:00,65:08:00,,,,1:04:46,1:05:08
2,3,,,L,BEHAVIOR,YES,YES,64:47:00,65:08:00,,,,1:04:47,1:05:08
2,3,,,M,EVENT,YES,YES,65:08:00,65:11:00,,,,1:05:08,1:05:11
2,3,,,L,BEHAVIOR,YES,NO,65:15:00,65:40:00,,,,1:05:15,1:05:40
2,3,,,L,BEHAVIOR,YES,NO,65:43:00,67:35:00,,,,1:05:43,1:07:35
2,3,,,V,EVENT,YES,NO,67:27:00,67:28:00,,,,1:07:27,1:07:28
2,3,,,M,EVENT,YES,NO,67:35:00,67:40:00,,,,1:07:35,1:07:40
2,3,,,P,BEHAVIOR,YES,NO,67:41:00,68:07:00,,,,1:07:41,1:08:07
2,3,,,L,BEHAVIOR,YES,NO,67:43:00,68:20:00,,,,1:07:43,1:08:20
2,3,,,P,BEHAVIOR,YES,NO,68:08:00,68:22:00,,,,1:08:08,1:08:22
2,3,,,L,BEHAVIOR,YES,NO,68:25:00,68:51:00,,,,1:08:25,1:08:51
2,3,,,L,BEHAVIOR,YES,NO,68:52:00,69:11:00,,,,1:08:52,1:09:11
2,3,,,V,EVENT,YES,NO,69:03:00,69:04:00,,,,1:09:03,1:09:04
2,3,,,L,BEHAVIOR,YES,NO,69:12:00,69:13:00,,,,1:09:12,1:09:13
2,3,,,U,MUSIC,YES,YES,69:14:00,69:50:00,,,,1:09:14,1:09:50
2,3,,,V,EVENT,YES,YES,69:14:00,69:15:00,,,,1:09:14,1:09:15
2,3,,,M,EVENT,YES,YES,69:14:00,69:16:00,,,,1:09:14,1:09:16
2,3,,,L,BEHAVIOR,YES,YES,69:23:00,69:30:00,,,,1:09:23,1:09:30
2,3,,,V,EVENT,YES,YES,69:32:00,69:32:00,,,,1:09:32,1:09:32
2,3,,,V,EVENT,YES,YES,69:37:00,69:37:00,,,,1:09:37,1:09:37
2,3,,,V,EVENT,YES,NO,70:00:00,70:01:00,,,,1:10:00,1:10:01
2,3,,,V,EVENT,YES,NO,70:20:00,70:21:00,,,,1:10:20,1:10:21
2,3,,,M,EVENT,YES,NO,70:24:00,70:30:00,,,,1:10:24,1:10:30
2,3,,,M,EVENT,YES,NO,70:37:00,70:39:00,,,,1:10:37,1:10:39
3,2,,0:39:08,V,EVENT,YES,NO,0:00:14,0:00:14,,,,0:00:14,0:00:14
3,2,,,P,BEHAVIOR,YES,NO,0:00:25,0:00:37,,,,0:00:25,0:00:37
3,2,,,L,BEHAVIOR,YES,NO,0:00:38,0:00:56,,,Shifiting feet,0:00:38,0:00:56
3,2,,,V,EVENT,YES,NO,0:00:39,0:00:45,,,,0:00:39,0:00:45
3,2,,,V,EVENT,YES,NO,0:00:46,0:00:46,,,,0:00:46,0:00:46
3,2,,,V,EVENT,YES,NO,0:00:58,0:00:58,,,,0:00:58,0:00:58
3,2,,,L,BEHAVIOR,YES,NO,0:01:01,0:02:17,,,,0:01:01,0:02:17
3,2,,,U,MUSIC,YES,YES,0:02:03,0:02:18,,,Get Lucky,0:02:03,0:02:18
3,2,,,P,BEHAVIOR,YES,YES,0:02:17,0:02:18,,,,0:02:17,0:02:18
3,2,,,L,BEHAVIOR,YES,NO,0:02:18,0:02:27,,,,0:02:18,0:02:27
3,2,,,P,BEHAVIOR,YES,NO,0:02:28,0:02:31,,,,0:02:28,0:02:31
3,2,,,V,EVENT,YES,NO,0:03:11,0:03:11,,,,0:03:11,0:03:11
3,2,,,L,BEHAVIOR,YES,NO,0:03:20,0:03:21,,,,0:03:20,0:03:21
3,2,,,P,BEHAVIOR,YES,NO,0:03:27,0:05:16,,,,0:03:27,0:05:16
3,2,,,U,MUSIC,YES,YES,0:03:40,0:04:02,,,BILLY JEAN,0:03:40,0:04:02
3,2,,,V,EVENT,YES,YES,0:03:55,0:03:55,,,,0:03:55,0:03:55
3,2,,,L,BEHAVIOR,YES,NO,0:04:32,0:04:38,,,,0:04:32,0:04:38
3,2,,,L,BEHAVIOR,YES,NO,0:04:43,0:05:46,,,,0:04:43,0:05:46
3,2,,,V,EVENT,YES,NO,0:04:45,0:04:45,,,,0:04:45,0:04:45
3,2,,,S,BEHAVIOR,YES,NO,0:05:17,0:05:40,,,,0:05:17,0:05:40
3,2,,,B,EVENT,YES,NO,0:05:41,0:05:43,,,"6 bobs, music starts in response",0:05:41,0:05:43
3,2,,,U,,YES,YES,0:05:42,0:06:01,,,,0:05:42,0:06:01
3,2,,,P,BEHAVIOR,YES,YES,0:05:54,0:06:06,,,,0:05:54,0:06:06
3,2,,,L,BEHAVIOR,YES,NO,0:06:06,0:06:07,,,,0:06:06,0:06:07
3,2,,,B,EVENT,YES,NO,0:06:06,0:06:08,,,"5--> 2 soft ones, 3 big, seems like he wants music",0:06:06,0:06:08
3,2,,,U,MUSIC,YES,YES,0:06:08,0:06:26,,,,0:06:08,0:06:26
3,2,,,L,BEHAVIOR,YES,YES,0:06:09,0:06:41,,,,0:06:09,0:06:41
3,2,,,P,BEHAVIOR,YES,YES,0:06:18,0:06:39,,,,0:06:18,0:06:39
3,2,,,L,BEHAVIOR,YES,NO,0:06:43,0:06:50,,,,0:06:43,0:06:50
3,2,,,P,BEHAVIOR,YES,NO,0:06:44,0:06:50,,,,0:06:44,0:06:50
3,2,,,B,EVENT,YES,NO,0:06:51,0:06:52,,,,0:06:51,0:06:52
3,2,,,V,EVENT,YES,NO,0:06:51,0:06:52,,,,0:06:51,0:06:52
3,2,,,U,MUSIC,YES,YES,0:06:53,0:07:18,,,,0:06:53,0:07:18
3,2,,,H,EVENT,YES,YES,0:06:54,0:06:55,,,2 head whips in sync with beat,0:06:54,0:06:55
3,2,,,V,EVENT,YES,YES,0:06:58,0:06:58,,,,0:06:58,0:06:58
3,2,,,H,EVENT,YES,YES,0:07:03,0:07:04,,,,0:07:03,0:07:04
3,2,,,V,EVENT,YES,YES,0:07:05,0:07:06,,,,0:07:05,0:07:06
3,2,,,B,EVENT,YES,YES,0:07:05,0:07:06,,,"2 times, music getting more intense",0:07:05,0:07:06
3,2,,,L,BEHAVIOR,YES,YES,0:07:10,0:07:23,,,,0:07:10,0:07:23
3,2,,,M,EVENT,YES,NO,0:07:26,0:07:28,,,Keeper entered,0:07:26,0:07:28
3,2,,,E,BEHAVIOR,YES,NO,0:07:33,0:09:44,,,,0:07:33,0:09:44
3,2,,,M,EVENT,YES,NO,0:09:44,0:09:50,,,,0:09:44,0:09:50
3,2,,,E,BEHAVIOR,YES,NO,0:09:50,0:11:30,,,,0:09:50,0:11:30
3,2,,,L,BEHAVIOR,YES,NO,0:11:30,0:11:37,,,,0:11:30,0:11:37
3,2,,,E,BEHAVIOR,YES,NO,0:11:37,0:11:48,,,,0:11:37,0:11:48
3,2,,,L,BEHAVIOR,YES,NO,0:11:48,0:12:04,,,,0:11:48,0:12:04
3,2,,,B,EVENT,YES,NO,0:11:51,0:11:52,,,2 SMALL ONES,0:11:51,0:11:52
3,2,,,B,EVENT,YES,NO,0:11:53,0:11:54,,,,0:11:53,0:11:54
3,2,,,U,MUSIC,YES,YES,0:11:54,0:12:07,,,,0:11:54,0:12:07
3,2,,,E,BEHAVIOR,YES,YES,0:12:04,0:12:47,,,,0:12:04,0:12:47
3,2,,,L,BEHAVIOR,YES,NO,0:12:07,0:12:11,,,,0:12:07,0:12:11
3,2,,,L,BEHAVIOR,YES,NO,0:12:17,0:12:27,,,,0:12:17,0:12:27
3,2,,,M,EVENT,YES,NO,0:12:47,0:12:53,,,,0:12:47,0:12:53
3,2,,,L,BEHAVIOR,YES,NO,0:12:53,0:12:55,,,,0:12:53,0:12:55
3,2,,,B,EVENT,YES,NO,0:12:55,0:12:56,,,1 DOWN BOB,0:12:55,0:12:56
3,2,,,U,MUSIC,YES,YES,0:12:57,0:13:35,,,,0:12:57,0:13:35
3,2,,,L,BEHAVIOR,YES,YES,0:12:59,0:13:01,,,,0:12:59,0:13:01
3,2,,,M,EVENT,YES,YES,0:13:01,0:13:03,,,,0:13:01,0:13:03
3,2,,,B,EVENT,YES,YES,0:13:09,0:13:11,,,"~4 BOBS STARTING ON UPBEAT, END ON DOWN",0:13:09,0:13:11
3,2,,,B,EVENT,YES,YES,0:13:16,0:13:17,,,2 BOBS DOWN BEAT,0:13:16,0:13:17
3,2,,,B,EVENT,YES,YES,0:13:17,0:13:18,,,3 BOBS DOWN,0:13:17,0:13:18
3,2,,,M,EVENT,YES,YES,0:13:22,0:13:25,,,,0:13:22,0:13:25
3,2,,,I,BEHAVIOR,YES,YES,0:13:25,0:13:26,,,,0:13:25,0:13:26
3,2,,,M,EVENT,YES,YES,0:13:26,0:13:29,,,,0:13:26,0:13:29
3,2,,,I,BEHAVIOR,YES,YES,0:13:28,0:13:32,,,,0:13:28,0:13:32
3,2,,,L,BEHAVIOR,YES,YES,0:13:32,0:13:37,,,,0:13:32,0:13:37
3,2,,,H,EVENT,YES,NO,0:13:37,0:13:38,,,2 HEAD WHIPS,0:13:37,0:13:38
3,2,,,U,MUSIC,YES,YES,0:13:38,0:14:08,,,,0:13:38,0:14:08
3,2,,,L,BEHAVIOR,YES,YES,0:13:38,0:13:39,,,,0:13:38,0:13:39
3,2,,,L,BEHAVIOR,YES,YES,0:13:40,0:13:42,,,,0:13:40,0:13:42
3,2,,,H,EVENT,YES,YES,0:13:42,0:13:44,,,,0:13:42,0:13:44
3,2,,,L,BEHAVIOR,YES,YES,0:13:43,0:13:53,,,,0:13:43,0:13:53
3,2,,,H,EVENT,YES,YES,0:13:53,0:13:54,,,,0:13:53,0:13:54
3,2,,,L,BEHAVIOR,YES,YES,0:13:54,0:14:09,,,,0:13:54,0:14:09
3,2,,,I,BEHAVIOR,YES,NO,0:14:10,0:14:15,,,,0:14:10,0:14:15
3,2,,,L,BEHAVIOR,YES,NO,0:14:15,0:14:36,,,,0:14:15,0:14:36
3,2,,,M,EVENT,YES,NO,0:14:36,0:14:37,,,,0:14:36,0:14:37
3,2,,,I,BEHAVIOR,YES,NO,0:14:38,0:14:55,,,,0:14:38,0:14:55
3,2,,,M,EVENT,YES,NO,0:14:55,0:14:57,,,,0:14:55,0:14:57
3,2,,,L,BEHAVIOR,YES,NO,0:15:05,0:15:30,,,,0:15:05,0:15:30
3,2,,,M,EVENT,YES,NO,0:15:30,0:15:35,,,,0:15:30,0:15:35
3,2,,,E,BEHAVIOR,YES,NO,0:15:35,0:15:55,,,,0:15:35,0:15:55
3,2,,,B,EVENT,YES,NO,0:15:37,0:15:38,,,2 BOBS,0:15:37,0:15:38
3,2,,,U,MUSIC,YES,YES,0:15:38,0:15:56,,,,0:15:38,0:15:56
3,2,,,M,EVENT,YES,YES,0:15:55,0:15:59,,,,0:15:55,0:15:59
3,2,,,B,EVENT,YES,NO,0:16:00,0:16:00,,,,0:16:00,0:16:00
3,2,,,B,EVENT,YES,NO,0:16:01,0:16:03,,,5 BOBS,0:16:01,0:16:03
3,2,,,U,MUSIC,YES,YES,0:16:02,0:16:53,,,,0:16:02,0:16:53
3,2,,,B,EVENT,YES,YES,0:16:04,0:16:06,,,"3 BOBS, FASTER",0:16:04,0:16:06
3,2,,,L,BEHAVIOR,YES,YES,0:16:06,0:16:13,,,,0:16:06,0:16:13
3,2,,,B,EVENT,YES,YES,0:16:08,0:16:10,,,"~4, LAST IS REALLY SMALL; HE'S TRYING TO BOB  ON ONE LEG",0:16:08,0:16:10
3,2,,,B,EVENT,YES,YES,0:16:13,0:16:15,,,4,0:16:13,0:16:15
3,2,,,B,EVENT,YES,YES,0:16:16,0:16:19,,,~6 BOBS; GETTING MORE ENTHUSIASTIC,0:16:16,0:16:19
3,2,,,B,EVENT,YES,YES,0:16:19,0:16:25,,,,0:16:19,0:16:25
3,2,,,B,EVENT,YES,YES,0:16:27,0:16:33,,,experimented with tilting is head to the beat in the middle of this bob sequence. ~12-14,0:16:27,0:16:33
3,2,,,L,BEHAVIOR,YES,YES,0:16:38,0:16:40,,,,0:16:38,0:16:40
3,2,,,B,EVENT,YES,YES,0:16:40,0:16:41,,,4-Mar,0:16:40,0:16:41
3,2,,,L,BEHAVIOR,YES,YES,0:16:42,0:17:02,,,,0:16:42,0:17:02
3,2,,,L,BEHAVIOR,YES,NO,0:17:02,0:17:03,,,,0:17:02,0:17:03
3,2,,,L,BEHAVIOR,YES,NO,0:17:04,0:17:05,,,,0:17:04,0:17:05
3,2,,,B,EVENT,YES,NO,0:17:05,0:17:05,,,1 bob,0:17:05,0:17:05
3,2,,,V,EVENT,YES,NO,0:17:05,0:17:05,,,SMALL,0:17:05,0:17:05
3,2,,,L,BEHAVIOR,YES,NO,0:17:06,0:17:10,,,,0:17:06,0:17:10
3,2,,,L,BEHAVIOR,YES,NO,0:17:13,0:17:28,,,,0:17:13,0:17:28
3,2,,,F,BEHAVIOR,YES,NO,0:17:28,0:17:30,,,,0:17:28,0:17:30
3,2,,,L,BEHAVIOR,YES,NO,0:17:30,0:20:12,,,,0:17:30,0:20:12
3,2,,,V,EVENT,YES,NO,0:17:49,0:17:50,,,,0:17:49,0:17:50
3,2,,,V,EVENT,YES,NO,0:18:20,0:18:20,,,,0:18:20,0:18:20
3,2,,,P,BEHAVIOR,YES,NO,0:18:52,0:18:54,,,,0:18:52,0:18:54
3,2,,,L,BEHAVIOR,YES,NO,0:20:14,0:20:50,,,,0:20:14,0:20:50
3,2,,,V,EVENT,YES,NO,0:20:50,0:20:50,,,,0:20:50,0:20:50
3,2,,,P,BEHAVIOR,YES,NO,0:20:50,0:20:52,,,,0:20:50,0:20:52
3,2,,,L,BEHAVIOR,YES,NO,0:20:53,0:21:36,,,,0:20:53,0:21:36
3,2,,,F,BEHAVIOR,YES,NO,0:21:31,0:21:34,,,,0:21:31,0:21:34
3,2,,,B,EVENT,YES,NO,0:21:37,0:21:37,,,2 short and quick,0:21:37,0:21:37
3,2,,,U,MUSIC,YES,YES,0:21:39,0:21:58,,,,0:21:39,0:21:58
3,2,,,F,BEHAVIOR,YES,YES,0:21:41,0:21:42,,,,0:21:41,0:21:42
3,2,,,L,BEHAVIOR,YES,YES,0:21:41,0:22:45,,,,0:21:41,0:22:45
3,2,,,P,BEHAVIOR,YES,YES,0:21:53,0:21:57,,,,0:21:53,0:21:57
3,2,,,V,EVENT,YES,NO,0:22:04,0:22:04,,,,0:22:04,0:22:04
3,2,,,I,BEHAVIOR,YES,NO,0:22:45,0:22:48,,,,0:22:45,0:22:48
3,2,,,M,EVENT,YES,NO,0:22:49,0:22:51,,,,0:22:49,0:22:51
3,2,,,L,BEHAVIOR,YES,NO,0:22:51,0:22:52,,,,0:22:51,0:22:52
3,2,,,L,BEHAVIOR,YES,NO,0:22:53,0:22:53,,,,0:22:53,0:22:53
3,2,,,F,BEHAVIOR,YES,NO,0:22:53,0:22:54,,,,0:22:53,0:22:54
3,2,,,V,EVENT,YES,NO,0:22:54,0:22:54,,,,0:22:54,0:22:54
3,2,,,L,BEHAVIOR,YES,NO,0:22:55,0:23:44,,,,0:22:55,0:23:44
3,2,,,L,BEHAVIOR,YES,NO,0:23:46,0:24:24,,,,0:23:46,0:24:24
3,2,,,V,EVENT,YES,NO,0:23:46,0:23:46,,,,0:23:46,0:23:46
3,2,,,L,BEHAVIOR,YES,NO,0:24:28,0:24:50,,,,0:24:28,0:24:50
3,2,,,M,EVENT,YES,NO,0:24:50,0:24:51,,,,0:24:50,0:24:51
3,2,,,L,BEHAVIOR,YES,NO,0:24:54,0:26:06,,,,0:24:54,0:26:06
3,2,,,V,EVENT,YES,NO,0:25:30,0:25:31,,,small call,0:25:30,0:25:31
3,2,,,V,EVENT,YES,NO,0:26:05,0:26:05,,,,0:26:05,0:26:05
3,2,,,V,EVENT,YES,NO,0:26:27,0:26:27,,,,0:26:27,0:26:27
3,2,,,P,BEHAVIOR,YES,NO,0:26:28,0:26:29,,,,0:26:28,0:26:29
3,2,,,B,EVENT,YES,NO,0:26:36,0:26:37,,,2 bobs,0:26:36,0:26:37
3,2,,,L,BEHAVIOR,YES,NO,0:26:37,0:26:52,,,,0:26:37,0:26:52
3,2,,,U,MUSIC,YES,YES,0:26:38,0:27:01,,,,0:26:38,0:27:01
3,2,,,V,EVENT,YES,YES,0:26:40,0:26:41,,,,0:26:40,0:26:41
3,2,,,V,EVENT,YES,YES,0:26:52,0:26:52,,,,0:26:52,0:26:52
3,2,,,L,BEHAVIOR,YES,YES,0:26:53,0:27:10,,,,0:26:53,0:27:10
3,2,,,V,EVENT,YES,NO,0:27:04,0:27:05,,,,0:27:04,0:27:05
3,2,,,V,EVENT,YES,NO,0:27:10,0:27:11,,,,0:27:10,0:27:11
3,2,,,L,BEHAVIOR,YES,NO,0:27:11,0:27:30,,,,0:27:11,0:27:30
3,2,,,V,EVENT,YES,NO,0:27:12,0:27:12,,,,0:27:12,0:27:12
3,2,,,V,EVENT,YES,NO,0:27:14,0:27:15,,,,0:27:14,0:27:15
3,2,,,V,EVENT,YES,NO,0:27:26,0:27:26,,,higher pitched,0:27:26,0:27:26
3,2,,,P,BEHAVIOR,YES,NO,0:27:31,0:27:32,,,,0:27:31,0:27:32
3,2,,,V,EVENT,YES,NO,0:27:31,0:27:31,,,soft,0:27:31,0:27:31
3,2,,,L,BEHAVIOR,YES,NO,0:27:33,0:28:57,,,,0:27:33,0:28:57
3,2,,,P,BEHAVIOR,YES,NO,0:27:34,0:27:35,,,,0:27:34,0:27:35
3,2,,,F,BEHAVIOR,YES,NO,0:27:37,0:27:38,,,,0:27:37,0:27:38
3,2,,,P,BEHAVIOR,YES,NO,0:27:46,0:27:48,,,,0:27:46,0:27:48
3,2,,,V,EVENT,YES,NO,0:27:48,0:27:48,,,,0:27:48,0:27:48
3,2,,,V,EVENT,YES,NO,0:28:35,0:28:36,,,,0:28:35,0:28:36
3,2,,,M,EVENT,YES,NO,0:28:57,0:29:00,,,,0:28:57,0:29:00
3,2,,,E,BEHAVIOR,YES,NO,0:29:05,0:29:54,,,NEXT VIDEO,0:29:05,0:29:54
3,2,,,M,EVENT,YES,NO,0:29:55,0:29:57,,,,0:29:55,0:29:57
3,2,,,B,EVENT,YES,NO,0:29:58,0:29:58,,,one gentler bob,0:29:58,0:29:58
3,2,,,M,EVENT,YES,NO,0:29:59,0:30:07,,,,0:29:59,0:30:07
3,2,,,U,MUSIC,YES,YES,0:29:59,0:30:21,,,,0:29:59,0:30:21
3,2,,,B,EVENT,YES,YES,0:30:07,0:30:08,,,2 bobs,0:30:07,0:30:08
3,2,,,L,BEHAVIOR,YES,YES,0:30:08,0:30:11,,,,0:30:08,0:30:11
3,2,,,M,EVENT,YES,YES,0:30:11,0:30:15,,,,0:30:11,0:30:15
3,2,,,L,BEHAVIOR,YES,YES,0:30:19,0:30:39,,,,0:30:19,0:30:39
3,2,,,B,EVENT,YES,NO,0:30:40,0:30:41,,,2.5 bobs,0:30:40,0:30:41
3,2,,,U,MUSIC,YES,YES,0:30:41,0:30:45,,,,0:30:41,0:30:45
3,2,,,L,BEHAVIOR,YES,YES,0:30:43,0:30:48,,,,0:30:43,0:30:48
3,2,,,I,BEHAVIOR,YES,NO,0:30:49,0:31:00,,,,0:30:49,0:31:00
3,2,,,U,MUSIC,YES,YES,0:30:52,0:30:57,,,,0:30:52,0:30:57
3,2,,,M,EVENT,YES,YES,0:31:00,0:31:05,,,,0:31:00,0:31:05
3,2,,,L,BEHAVIOR,YES,YES,0:31:10,0:31:12,,,,0:31:10,0:31:12
3,2,,,I,BEHAVIOR,YES,YES,0:31:14,0:31:17,,,,0:31:14,0:31:17
3,2,,,B,EVENT,YES,YES,0:31:20,0:31:21,,,2 bobs,0:31:20,0:31:21
3,2,,,U,MUSIC,YES,YES,0:31:23,0:31:38,,,,0:31:23,0:31:38
3,2,,,L,BEHAVIOR,YES,YES,0:31:24,0:31:27,,,,0:31:24,0:31:27
3,2,,,L,BEHAVIOR,YES,YES,0:31:28,0:31:49,,,,0:31:28,0:31:49
3,2,,,I,BEHAVIOR,YES,YES,0:31:49,0:31:53,,,,0:31:49,0:31:53
3,2,,,L,BEHAVIOR,YES,YES,0:31:54,0:31:59,,,,0:31:54,0:31:59
3,2,,,M,EVENT,YES,NO,0:32:01,0:32:12,,,,0:32:01,0:32:12
3,2,,,E,BEHAVIOR,YES,NO,0:32:13,0:32:40,,,"he stops chewing when he starts moving, but he holds food in his mouth until here",0:32:13,0:32:40
3,2,,,M,EVENT,YES,NO,0:32:16,0:32:21,,,food in mouth while moving,0:32:16,0:32:21
3,2,,,B,EVENT,YES,NO,0:32:21,0:32:21,,,1 bob,0:32:21,0:32:21
3,2,,,L,BEHAVIOR,YES,NO,0:32:22,0:32:23,,,,0:32:22,0:32:23
3,2,,,U,MUSIC,YES,YES,0:32:23,0:34:20,,,,0:32:23,0:34:20
3,2,,,L,BEHAVIOR,YES,YES,0:32:25,0:32:26,,,,0:32:25,0:32:26
3,2,,,B,EVENT,YES,YES,0:32:26,0:32:27,,,,0:32:26,0:32:27
3,2,,,B,EVENT,YES,YES,0:32:28,0:32:31,,,7 bobs,0:32:28,0:32:31
3,2,,,H,EVENT,YES,YES,0:32:32,0:32:33,,,"2 head whips, kid likes it",0:32:32,0:32:33
3,2,,,B,EVENT,YES,YES,0:32:33,0:32:39,,,"7 bobs, 2 bigger/slow ones with leg lift, 3-4 quick ones, followed by another long leggy one",0:32:33,0:32:39
3,2,,,B,EVENT,YES,YES,0:32:40,0:32:45,,,12 bobs,0:32:40,0:32:45
3,2,,,B,EVENT,YES,YES,0:32:47,0:32:49,,,5 BOBS,0:32:47,0:32:49
3,2,,,B,EVENT,YES,YES,0:32:53,0:32:57,,,3 slower bobs,0:32:53,0:32:57
3,2,,,V,EVENT,YES,YES,0:32:56,0:32:56,,,,0:32:56,0:32:56
3,2,,,M,EVENT,YES,YES,0:32:57,0:33:02,,,,0:32:57,0:33:02
3,2,,,E,BEHAVIOR,YES,YES,0:32:59,0:33:03,,,,0:32:59,0:33:03
3,2,,,B,EVENT,YES,YES,0:33:03,0:33:04,,,~2.5 bobs,0:33:03,0:33:04
3,2,,,E,BEHAVIOR,YES,YES,0:33:05,0:33:06,,,,0:33:05,0:33:06
3,2,,,M,EVENT,YES,YES,0:33:07,0:33:09,,,,0:33:07,0:33:09
3,2,,,B,EVENT,YES,YES,0:33:10,0:33:12,,,2 bobs,0:33:10,0:33:12
3,2,,,L,BEHAVIOR,YES,YES,0:33:12,0:33:13,,,,0:33:12,0:33:13
3,2,,,B,EVENT,YES,YES,0:33:13,0:33:14,,,1 bob,0:33:13,0:33:14
3,2,,,L,BEHAVIOR,YES,YES,0:33:16,0:33:18,,,,0:33:16,0:33:18
3,2,,,V,EVENT,YES,YES,0:33:17,0:33:17,,,,0:33:17,0:33:17
3,2,,,B,EVENT,YES,YES,0:33:18,0:33:23,,,9 bobs,0:33:18,0:33:23
3,2,,,B,EVENT,YES,YES,0:33:24,0:33:26,,,4,0:33:24,0:33:26
3,2,,,V,EVENT,YES,YES,0:33:24,0:33:24,,,,0:33:24,0:33:24
3,2,,,V,EVENT,YES,YES,0:33:25,0:33:25,,,,0:33:25,0:33:25
3,2,,,B,EVENT,YES,YES,0:33:27,0:33:27,,,"1 bob, wing out a bit",0:33:27,0:33:27
3,2,,,V,EVENT,YES,YES,0:33:31,0:33:31,,,,0:33:31,0:33:31
3,2,,,B,EVENT,YES,YES,0:33:31,0:33:32,,,3 bobs,0:33:31,0:33:32
3,2,,,B,EVENT,YES,YES,0:33:33,0:33:34,,,~3.5,0:33:33,0:33:34
3,2,,,V,EVENT,YES,YES,0:33:33,0:33:34,,,,0:33:33,0:33:34
3,2,,,B,EVENT,YES,YES,0:33:35,0:33:36,,,~2,0:33:35,0:33:36
3,2,,,V,EVENT,YES,YES,0:33:35,0:33:35,,,,0:33:35,0:33:35
3,2,,,E,BEHAVIOR,YES,YES,0:33:37,0:33:39,,,,0:33:37,0:33:39
3,2,,,B,EVENT,YES,YES,0:33:39,0:33:43,,,7,0:33:39,0:33:43
3,2,,,V,EVENT,YES,YES,0:33:42,0:33:43,,,,0:33:42,0:33:43
3,2,,,E,BEHAVIOR,YES,YES,0:33:44,0:33:46,,,,0:33:44,0:33:46
3,2,,,B,EVENT,YES,YES,0:33:46,0:33:49,,,4 bobs,0:33:46,0:33:49
3,2,,,V,EVENT,YES,YES,0:33:47,0:33:47,,,,0:33:47,0:33:47
3,2,,,L,BEHAVIOR,YES,YES,0:33:51,0:33:54,,,,0:33:51,0:33:54
3,2,,,E,BEHAVIOR,YES,YES,0:33:55,0:33:55,,,,0:33:55,0:33:55
3,2,,,B,EVENT,YES,YES,0:33:56,0:33:57,,,4,0:33:56,0:33:57
3,2,,,E,BEHAVIOR,YES,YES,0:33:58,0:34:00,,,,0:33:58,0:34:00
3,2,,,V,EVENT,YES,YES,0:34:01,0:34:01,,,,0:34:01,0:34:01
3,2,,,B,EVENT,YES,YES,0:34:01,0:34:01,,,1.5,0:34:01,0:34:01
3,2,,,V,EVENT,YES,YES,0:34:04,0:34:05,,,,0:34:04,0:34:05
3,2,,,B,EVENT,YES,YES,0:34:04,0:34:05,,,1.5,0:34:04,0:34:05
3,2,,,E,BEHAVIOR,YES,YES,0:34:06,0:34:09,,,,0:34:06,0:34:09
3,2,,,B,EVENT,YES,YES,0:34:09,0:34:09,,,,0:34:09,0:34:09
3,2,,,V,EVENT,YES,YES,0:34:09,0:34:09,,,,0:34:09,0:34:09
3,2,,,E,BEHAVIOR,YES,YES,0:34:10,0:34:11,,,,0:34:10,0:34:11
3,2,,,E,BEHAVIOR,YES,YES,0:34:16,0:34:26,,,,0:34:16,0:34:26
3,2,,,B,EVENT,YES,NO,0:34:26,0:34:26,,,1 bob,0:34:26,0:34:26
3,2,,,U,MUSIC,YES,YES,0:34:28,0:34:40,,,,0:34:28,0:34:40
3,2,,,E,BEHAVIOR,YES,YES,0:34:30,0:34:39,,,,0:34:30,0:34:39
3,2,,,V,EVENT,YES,NO,0:34:41,0:34:41,,,,0:34:41,0:34:41
3,2,,,L,BEHAVIOR,YES,NO,0:34:41,0:34:44,,,,0:34:41,0:34:44
3,2,,,E,BEHAVIOR,YES,NO,0:34:44,0:35:47,,,chewing while standing,0:34:44,0:35:47
3,2,,,I,BEHAVIOR,YES,NO,0:35:47,0:35:49,,,,0:35:47,0:35:49
3,2,,,M,EVENT,YES,NO,0:35:49,0:35:50,,,,0:35:49,0:35:50
3,2,,,E,BEHAVIOR,YES,NO,0:35:55,0:36:05,,,,0:35:55,0:36:05
3,2,,,L,BEHAVIOR,YES,NO,0:36:05,0:36:09,,,,0:36:05,0:36:09
3,2,,,M,EVENT,YES,NO,0:36:10,0:36:12,,,,0:36:10,0:36:12
3,2,,,L,BEHAVIOR,YES,NO,0:36:13,0:36:23,,,,0:36:13,0:36:23
3,2,,,E,BEHAVIOR,YES,NO,0:36:24,0:36:50,,,,0:36:24,0:36:50
3,2,,,L,BEHAVIOR,YES,NO,0:36:26,0:36:50,,,,0:36:26,0:36:50
3,2,,,M,EVENT,YES,NO,0:36:50,0:36:57,,,,0:36:50,0:36:57
3,2,,,I,BEHAVIOR,YES,NO,0:37:01,0:37:04,,,,0:37:01,0:37:04
3,2,,,M,EVENT,YES,NO,0:37:04,0:37:06,,,,0:37:04,0:37:06
3,2,,,M,EVENT,YES,NO,0:37:11,0:37:17,,,,0:37:11,0:37:17
3,2,,,E,BEHAVIOR,YES,NO,0:37:19,0:37:24,,,,0:37:19,0:37:24
3,2,,,I,BEHAVIOR,YES,NO,0:37:24,0:37:39,,,,0:37:24,0:37:39
3,2,,,M,EVENT,YES,NO,0:37:39,0:37:41,,,,0:37:39,0:37:41
3,2,,,I,BEHAVIOR,YES,NO,0:37:41,0:37:42,,,,0:37:41,0:37:42
3,2,,,I,BEHAVIOR,YES,NO,0:37:44,0:37:48,,,,0:37:44,0:37:48
3,2,,,M,EVENT,YES,NO,0:37:48,0:37:53,,,,0:37:48,0:37:53
3,2,,,M,EVENT,YES,NO,0:37:56,0:38:00,,,,0:37:56,0:38:00
3,2,,,E,BEHAVIOR,YES,NO,0:38:01,0:38:09,,,,0:38:01,0:38:09
3,2,,,L,BEHAVIOR,YES,NO,0:38:05,0:38:41,,,,0:38:05,0:38:41
3,2,,,I,BEHAVIOR,YES,NO,0:38:42,0:38:50,,,,0:38:42,0:38:50
3,2,,,L,BEHAVIOR,YES,NO,0:38:52,0:39:08,,,,0:38:52,0:39:08
3,3,,0:17:06,L,BEHAVIOR,YES,NO,0:00:02,0:00:07,,,,0:00:02,0:00:07
3,3,,,L,BEHAVIOR,YES,NO,0:00:08,0:00:10,,,,0:00:08,0:00:10
3,3,,,L,BEHAVIOR,YES,NO,0:00:12,0:00:53,,,,0:00:12,0:00:53
3,3,,,V,EVENT,YES,NO,0:00:53,0:00:53,,,,0:00:53,0:00:53
3,3,,,V,EVENT,YES,NO,0:00:54,0:00:55,,,,0:00:54,0:00:55
3,3,,,L,BEHAVIOR,YES,NO,0:00:55,0:01:28,,,,0:00:55,0:01:28
3,3,,,L,BEHAVIOR,YES,NO,0:01:29,0:01:50,,,,0:01:29,0:01:50
3,3,,,L,BEHAVIOR,YES,NO,0:01:57,0:03:00,,,,0:01:57,0:03:00
3,3,,,L,BEHAVIOR,YES,NO,0:03:09,0:03:49,,,,0:03:09,0:03:49
3,3,,,M,EVENT,YES,NO,0:03:50,0:03:55,,,,0:03:50,0:03:55
3,3,,,S,BEHAVIOR,YES,NO,0:03:54,0:04:13,,,,0:03:54,0:04:13
3,3,,,M,EVENT,YES,NO,0:04:13,0:04:17,,,,0:04:13,0:04:17
3,3,,,I,BEHAVIOR,YES,NO,0:04:54,0:04:56,,,,0:04:54,0:04:56
3,3,,,B,EVENT,YES,NO,0:04:57,0:04:58,,,quick; 3 times,0:04:57,0:04:58
3,3,,,U,MUSIC,YES,YES,0:04:59,0:05:14,,,,0:04:59,0:05:14
3,3,,,L,BEHAVIOR,YES,YES,0:05:04,0:05:26,,,,0:05:04,0:05:26
3,3,,,B,EVENT,YES,NO,0:05:27,0:05:27,,,One bob,0:05:27,0:05:27
3,3,,,U,MUSIC,YES,NO,0:05:29,0:05:42,,,,0:05:29,0:05:42
3,3,,,L,BEHAVIOR,YES,NO,0:05:30,0:05:44,,,,0:05:30,0:05:44
3,3,,,V,EVENT,YES,NO,0:05:45,0:05:45,,,,0:05:45,0:05:45
3,3,,,L,BEHAVIOR,YES,NO,0:05:46,0:07:08,,,,0:05:46,0:07:08
3,3,,,V,EVENT,YES,NO,0:06:34,0:06:34,,,,0:06:34,0:06:34
3,3,,,S,BEHAVIOR,YES,NO,0:07:11,0:07:20,,,,0:07:11,0:07:20
3,3,,,L,BEHAVIOR,YES,NO,0:07:23,0:07:23,,,,0:07:23,0:07:23
3,3,,,M,EVENT,YES,NO,0:07:28,0:07:33,,,,0:07:28,0:07:33
3,3,,,S,BEHAVIOR,YES,NO,0:07:34,0:07:35,,,,0:07:34,0:07:35
3,3,,,L,BEHAVIOR,YES,NO,0:07:38,0:07:41,,,,0:07:38,0:07:41
3,3,,,M,EVENT,YES,NO,0:07:42,0:07:43,,,,0:07:42,0:07:43
3,3,,,I,BEHAVIOR,YES,NO,0:07:43,0:07:46,,,,0:07:43,0:07:46
3,3,,,M,EVENT,YES,NO,0:07:44,0:07:48,,,,0:07:44,0:07:48
3,3,,,L,BEHAVIOR,YES,NO,0:07:49,0:07:50,,,,0:07:49,0:07:50
3,3,,,M,EVENT,YES,NO,0:07:52,0:08:00,,,,0:07:52,0:08:00
3,3,,,I,BEHAVIOR,YES,NO,0:07:53,0:07:55,,,,0:07:53,0:07:55
3,3,,,L,BEHAVIOR,YES,NO,0:08:03,0:15:54,,,,0:08:03,0:15:54
3,3,,,V,EVENT,YES,NO,0:08:13,0:08:14,,,,0:08:13,0:08:14
3,3,,,V,EVENT,YES,NO,0:08:15,0:08:16,,,,0:08:15,0:08:16
3,3,,,V,EVENT,YES,NO,0:09:38,0:09:38,,,,0:09:38,0:09:38
3,3,,,U,MUSIC,YES,NO,0:09:46,0:10:09,,,,0:09:46,0:10:09
3,3,,,V,EVENT,YES,NO,0:11:22,0:11:23,,,very soft,0:11:22,0:11:23
3,3,,,V,EVENT,YES,NO,0:11:32,0:11:33,,,,0:11:32,0:11:33
3,3,,,P,BEHAVIOR,YES,NO,0:11:51,0:15:05,,,,0:11:51,0:15:05
3,3,,,U,MUSIC,YES,YES,0:15:17,0:15:35,,,Debussy 1st arabesque,0:15:17,0:15:35
3,3,,,P,BEHAVIOR,YES,NO,0:15:37,0:15:53,,,,0:15:37,0:15:53
3,3,,,P,BEHAVIOR,YES,NO,0:15:55,0:16:05,,,,0:15:55,0:16:05
3,3,,,L,BEHAVIOR,YES,NO,0:15:56,0:17:05,,,,0:15:56,0:17:05
3,3,,,S,BEHAVIOR,YES,NO,0:16:06,0:16:11,,,,0:16:06,0:16:11
3,3,,,P,BEHAVIOR,YES,NO,0:16:13,0:16:14,,,,0:16:13,0:16:14
3,3,,,P,BEHAVIOR,YES,NO,0:16:20,0:16:32,,,,0:16:20,0:16:32
3,3,,,U,MUSIC,YES,YES,0:16:38,0:16:54,,,Michael Jackson,0:16:38,0:16:54
3,3,,,P,BEHAVIOR,YES,YES,0:16:51,0:16:55,,,,0:16:51,0:16:55
3,3,,,P,BEHAVIOR,YES,NO,0:17:00,0:17:05,,,,0:17:00,0:17:05
,,,,,,,,,,,,,,
1,2,,,BA_E,,,,0:00,0:52,,,,,
1,2,,,BA_V,,,,0:59,1:07,,,,,
1,2,,,BA_E,,,,1:39,1:52,,,,,
1,2,,,BA_V,,,,3:27,3:50,,,,,
1,2,,,BA_V,,,,8:52,8:54,,,,,
1,2,,,BA_E,,,,11:41,12:36,,,,,
1,2,,,BA_V,,,,12:37,12:59,,,,,
1,2,,,BA_E,,,,12:59,13:27,,,,,
1,2,,,BA_V,,,,13:27,13:31,,,,,
1,2,,,BA_E,,,,13:31,13:36,,,,,
1,2,,,BA_V,,,,13:36,13:44,,,,,
1,2,,,BA_E,,,,13:44,13:50,,,,,
1,2,,,BA_V,,,,13:50,14:28,,,,,
1,2,,,BA_E,,,,14:28,14:31,,,,,
1,2,,,BA_V,,,,14:31,15:10,,,,,
1,2,,,BA_E,,,,15:10,15:17,,,,,
1,2,,,BA_V,,,,15:17,15:47,,,,,
1,2,,,BA_V,,,,15:03,15:09,,,,,
1,2,,,BA_V,,,,16:43,16:59,,,,,
1,2,,,BA_E,,,,17:07,17:40,,,,,
1,2,,,BA_V,,,,17:40,17:45,,,,,
1,2,,,BA_E,,,,17:45,17:53,,,,,
1,2,,,BA_V,,,,17:53,18:02,,,,,
1,2,,,BA_E,,,,18:02,18:10,,,,,
1,2,,,BA_V,,,,18:10,18:35,,,,,
1,2,,,BA_E,,,,18:35,18:55,,,,,
1,2,,,BA_V,,,,18:55,19:13,,,,,
1,2,,,BA_E,,,,18:26,18:36,,,,,
1,2,,,VA_B,,,,0:00,1:33,,,,,
1,2,,,VA_B,,,,3:12,3:14,,,,,
1,2,,,VA_B,,,,3:34,3:36,,,,,
1,2,,,VA_B,,,,4:27,4:39,,,,,
1,2,,,VA_B,,,,8:10,8:12,,,,,
1,2,,,VA_B,,,,8:48,9:20,,,,,
1,2,,,VA_B,,,,12:32,15:08,,,,,
1,2,,,VA_B,,,,15:11,15:47,,,,,
1,2,,,VA_B,,,,16:10,16:20,,,,,
1,2,,,VA_B,,,,16:44,16:49,,,,,
1,2,,,VA_B,,,,17:08,17:15,,,,,
1,2,,,VA_B,,,,17:27,19:19,,,,,